game,avg_rating,rating_count
Arma Combat Operations,98.0,1
Build-A-Lot 4,97.0,1
Glare,95.0,1
Chocolatier Decadence by Design,90.0,1
Don Bradman Cricket 14,89.0,1
Grotesque Tactics 2 - Dungeons and Donuts,86.0,1
Nobunaga's Ambition Souzou with Power Up Kit,83.0,1
Avernum 6,80.0,1
Making History The Calm & The Storm,79.0,1
Rooms The Unsolvable Puzzle,78.0,1
Battle of Empires  1914-1918,72.0,1
Action! - Gameplay Recording and Streaming,70.0,2
Basement,69.0,1
Delta Force Black Hawk Down - Team Sabre,69.0,1
liteCam Game 100 FPS Game Capture,68.0,1
Age of Wonders 2,63.0,1
Pro Cycling Manager 2014,63.0,1
Assassin's Creed Rogue,62.0,1
UFO Extraterrestrials Gold,62.0,2
The Incredible Adventures of Van Helsing Final Cut,58.0,1
Galactic Civilizations I Ultimate Edition,57.0,1
Eschalon Book 1,57.0,1
RPG Maker MV,55.0,1
Pro Cycling Manager 2013,55.0,2
Dragon Age II,54.95,4
Pro Evolution Soccer 2016,54.666666666666664,3
Star Ruler 2,53.2,2
Rulers of Nations,53.0,1
NBA 2K13,50.78333333333333,6
FINAL FANTASY XI,50.0,1
Runers,50.0,1
East India Company,50.0,1
Outcast 1.1,49.0,1
MotoGP14,48.7,2
Breezeblox,48.0,1
Earth Defense Force Insect Armageddon,47.65,2
Avernum Escape From the Pit,47.5,2
Nightbanes,47.5,2
The Age of Decadence,47.0,1
Dungeon Souls,46.2,2
Emergency 2012,46.0,1
Expeditions Conquistador,45.875,4
Hotel Giant 2,44.0,1
Port Royale 2,43.95,2
Might & Magic X - Legacy ,43.18333333333334,6
METAL GEAR SOLID V THE PHANTOM PAIN,43.00188679245283,53
Sunrider Academy,43.0,1
Anno Online,42.05,2
Puzzle Pirates,42.0,1
Farming Simulator 15,41.791666666666664,24
The Witcher 3 Wild Hunt,41.459649122807015,57
Fallout 4,41.43555555555556,135
The Dreamatorium of Dr. Magnus 2,41.0,1
Legend of Dungeon Masters,41.0,1
"On the Rain-Slick Precipice of Darkness, Episode Two",40.75,2
Grand Ages Medieval,39.6,3
Football Manager 2012,39.5,23
Democracy 2,39.1,2
Robin Hood,39.0,2
Global Agenda,38.690909090909095,11
Football Manager 2013,38.14523809523809,42
Cricket Revolution,38.0,1
Supreme Ruler Cold War,38.0,1
Football Manager 2010,37.352631578947374,19
Football Manager 2014,37.30344827586207,29
NBA 2K15,37.175,8
Football Manager 2016,37.15294117647059,17
Tom Clancy's Ghost Recon Advanced Warfighter,37.0,1
Ironcast,37.0,1
Puzzle Quest,36.857142857142854,7
Eufloria,36.8,8
Railroad Tycoon 2 Platinum,36.65,2
Grand Theft Auto V,36.60989583333333,192
From The Depths,36.5,2
Nevermind,36.0,1
The Musketeers Victoria's Quest,36.0,1
Tesla Effect,36.0,1
Football Manager 2015,35.63666666666666,30
Icewind Dale Enhanced Edition,35.63333333333333,3
Hurtworld,35.53333333333333,9
Pro Evolution Soccer 2015,35.416666666666664,6
Assassin's Creed IV Black Flag,34.66136363636363,44
Agricultural Simulator 2013 Steam Edition,34.6,2
Football Manager 2011,34.480000000000004,10
Baldur's Gate II Enhanced Edition,34.32857142857143,7
Call of Duty Modern Warfare 2 - Multiplayer,34.24246575342465,146
DARK SOULS II,33.885416666666664,48
NBA 2K16,33.81111111111111,9
NOBUNAGA'S AMBITION Sphere of Influence,33.65,2
Forsaken World ,33.266666666666666,3
Cossacks Art of War,33.0,3
Call of Duty Black Ops - Multiplayer,32.954330708661416,127
Shadowgate,32.766666666666666,3
Mass Effect 2,32.66304347826087,46
Call of Duty Modern Warfare 3 - Multiplayer,32.64824561403509,114
Majesty 2,32.62,5
The Repopulation,32.5,2
StarDrive 2,32.5,4
Terra Incognita ~ Chapter One The Descendant,32.2,2
Disciples III Reincarnation,32.199999999999996,3
S.T.A.L.K.E.R. Clear Sky,32.15555555555555,9
Assassin's Creed Syndicate,32.13333333333333,3
You Must Build A Boat,32.0,1
Freedom Force vs. the 3rd Reich,32.0,1
Tree of Life,32.0,1
MLB Front Office Manager,31.96666666666667,3
Jagged Alliance - Back in Action,31.725,4
Kings Bounty Legions,31.6,2
Call of Duty Black Ops - Multiplayer OSX,31.35,2
Sid Meier's Civilization V,31.331404958677684,363
NBA 2K14,31.15,10
Men of War Assault Squad 2,31.13076923076923,13
Craft The World,31.066666666666666,12
Age of Wonders III,31.03333333333333,27
The Elder Scrolls V Skyrim,31.028604651162787,430
Farming Giant,31.0,1
Rust,30.854225352112678,142
DARK SOULS II Scholar of the First Sin,30.712,25
King's Bounty Warriors of the North,30.7,4
Divinity Original Sin,30.62181818181818,55
Arx Fatalis,30.4,2
FINAL FANTASY XIV A Realm Reborn,30.294117647058822,17
Construction-Simulator 2015,30.29090909090909,11
StarMade,30.233333333333334,3
Epic Battle Fantasy 4,30.2,4
Freedom Fall,30.1,2
Darkspore,30.080000000000002,5
Blood Bowl Chaos Edition,30.072727272727274,11
Total War ROME II - Emperor Edition,29.884536082474227,97
TrackMania Valley,29.875,4
Neverwinter Nights 2 Platinum,29.857142857142858,7
Borderlands The Pre-Sequel,29.698591549295774,71
R.U.S.E,29.489655172413794,29
Desktop Dungeons,29.3,3
Fable III,29.1,16
Magic The Gathering  Duels of the Planeswalkers 2012,28.994444444444444,18
Ragnarok Online 2,28.978571428571428,14
The Political Machine,28.933333333333334,3
Train Fever,28.883333333333336,6
Cities in Motion,28.755555555555556,9
Dawn of Discovery - Venice,28.75,4
King's Bounty Armored Princess,28.65,2
Borderlands 2 RU,28.6,16
Tales of Zestiria,28.442857142857143,7
Pillars of Eternity,28.358333333333334,36
theHunter Primal,28.333333333333332,3
Gothic 3,28.285714285714285,7
Dark Souls Prepare to Die Edition,28.179729729729733,74
Wolfenstein The New Order German Edition,28.177777777777777,9
X3 Albion Prelude,28.150000000000002,6
Sid Meier's Civilization IV Beyond the Sword,28.075,12
Environmental Station Alpha,28.0,1
Aquaria,28.0,1
Fortune Summoners Secret of the Elemental Stone,28.0,2
Fallout New Vegas,27.966985645933015,209
Majesty 2 Collection,27.95,4
F1 2012,27.900000000000002,12
Assassin's Creed Brotherhood,27.85142857142857,35
Blackguards 2,27.833333333333332,3
Call of Duty World at War,27.694827586206895,58
Pro Cycling Manager 2015,27.566666666666666,3
Football Superstars,27.5,2
Total War ATTILA,27.325,24
Assassin's Creed III,27.32,50
Far Cry 4,27.306451612903224,31
EVGA PrecisionX 16,27.3,6
Borderlands 2,27.260797342192692,301
Counter-Strike Global Offensive,27.139972899728996,738
The Binding of Isaac Rebirth,27.112,50
Naval War Arctic Circle,27.0,1
Skyscraper Simulator,27.0,1
Hidden Object Bundle 4 in 1,27.0,1
Ancient Space,27.0,1
XCOM Enemy Unknown,26.90152671755725,131
Total War SHOGUN 2,26.88595041322314,121
Assassin's Creed II,26.680392156862744,51
Terraria,26.55016286644951,307
Dying Light,26.538666666666668,75
STAR WARS Knights of the Old Republic II The Sith Lords,26.2625,32
Sid Meier's Civilization Beyond Earth,26.23,50
Star Trek Online,26.217142857142857,35
Dragon Age Origins,26.175,24
SpellForce 2 - Faith in Destiny,26.119999999999997,5
Rocksmith 2014,26.066666666666666,21
Fairy Fencer F,26.05,4
GamersGoMakers,26.0,1
If My Heart Had Wings,26.0,1
Wolfenstein,26.0,1
Crawl,26.0,1
Battlefield Bad Company 2,25.860674157303368,89
DayZ,25.75111111111111,180
Endless Space,25.71627906976744,43
Arma 3,25.652577319587632,97
Batman Arkham Asylum,25.639999999999997,5
Tropico 3 Absolute Power,25.627272727272725,11
Survivalist,25.6,2
S.T.A.L.K.E.R. Call of Pripyat,25.521052631578947,19
Rocket League,25.520799999999998,125
Renowned Explorers International Society,25.5,2
Legends of Eisenwald,25.4,2
Soul Gambler,25.4,2
Elite Dangerous,25.390476190476193,21
LEGO Batman 3 Beyond Gotham,25.28,5
Call to Arms,25.066666666666666,3
Kerbal Space Program,25.065151515151513,66
Empire Total War,25.04094488188976,127
Castlevania Lords of Shadow 2,25.02,5
PAYDAY 2,25.016504854368932,309
Memento Mori 2,25.0,1
Emergency 5 - Deluxe Edition,25.0,1
GALAK-Z,25.0,1
SimpleRockets,25.0,1
Deus Ex Human Revolution,24.963636363636365,110
FINAL FANTASY XIII,24.96315789473684,19
"Warhammer 40,000 Dawn of War II",24.95980392156863,102
Call of Duty Ghosts - Multiplayer,24.95714285714286,49
Starbound,24.931818181818183,110
Bookworm Adventures Deluxe,24.866666666666664,3
Mount & Blade With Fire and Sword,24.809677419354838,31
Patrician IV Rise of a Dynasty,24.8,3
Might & Magic Clash of Heroes,24.78333333333333,6
FINAL FANTASY VII,24.69047619047619,42
Endless Legend,24.686206896551724,29
Franchise Hockey Manager 2014,24.666666666666668,3
The Elder Scrolls Online Tamriel Unlimited,24.614285714285717,14
Silent Hunter 5 Battle of the Atlantic,24.599999999999998,3
Rayman Legends,24.566666666666666,12
Wasteland 2,24.55,20
Galactic Civilizations III,24.363636363636363,11
FINAL FANTASY III,24.25,4
Medieval II Total War,24.235849056603772,53
Bloons TD5,24.128571428571426,7
Call of Duty Black Ops II - Multiplayer,24.1010101010101,99
Dead State,24.1,2
Napoleon Total War,24.04565217391304,92
Cities Skylines,24.00792079207921,101
Secret Files Puritas Cordis,24.0,1
Victor Vran,24.0,3
America's Army 3,23.985714285714288,7
Far Cry 3,23.95,156
Age of Empires Online,23.9,4
Borderlands,23.829310344827583,116
Supreme Commander 2,23.774358974358975,39
The Crew,23.759999999999998,15
Mount & Blade Warband,23.743548387096777,62
TOME Immortal Arena,23.725,4
Restaurant Empire II,23.6,2
LEGO Harry Potter Years 5-7,23.5,4
GRAV,23.383333333333336,6
Combat Arms,23.357142857142858,7
Banished,23.35211267605634,71
Marvel Puzzle Quest,23.35,4
Disciples II Gallean's Return,23.3,2
Arma 2 Operation Arrowhead,23.282905982905984,117
Europa Universalis IV,23.208333333333332,24
Middle-earth Shadow of Mordor,23.187912087912085,91
Tom Clancy's Rainbow Six Siege,23.1125,8
The Settlers 7 Paths to a Kingdom,23.099999999999998,3
Jade Empire Special Edition,23.03333333333333,3
Warrior Kings Battles,23.0,1
The Swindle,23.0,1
Global Agenda - Beta,23.0,1
Wizardry 7 Crusaders of the Dark Savant,23.0,1
Hegemony III Clash of the Ancients,23.0,1
Music Creator 6 Touch,23.0,1
Kingdoms of Amalur Reckoning,22.978947368421053,38
Garry's Mod,22.817835671342685,499
Titan Quest Immortal Throne,22.8,25
Trials Fusion,22.8,6
Sins of a Solar Empire Trinity,22.744444444444444,9
Sorcerer King,22.7,2
Warlock 2 the Exiled,22.666666666666668,3
DRAGON BALL XENOVERSE,22.66551724137931,29
Resident Evil 6 / Biohazard 6,22.63125,32
Toy Soldiers,22.520000000000003,5
Tropico 4,22.50862068965517,58
7 Days to Die,22.5,75
Heroes of Hellas 3 Athens,22.45,2
The Secret World,22.41875,16
Sid Meier's Civilization III Complete,22.394117647058824,17
Patrician IV Steam Special Edition,22.380000000000003,5
Sins of a Solar Empire Rebellion,22.37297297297297,37
Anno 2070,22.351020408163265,49
Crysis 2,22.342857142857145,7
Port Royale 3,22.325,8
Dungeons & Dragons Online,22.30909090909091,11
Saints Row The Third,22.226404494382024,178
EVE Online,22.2,18
Uncharted Waters Online Gran Atlas,22.2,2
Anno 1404 Venice,22.2,3
Magic 2014 ,22.155555555555555,36
Life is Feudal Your Own,22.133333333333336,12
Mafia II,22.112631578947365,95
Baldur's Gate Enhanced Edition,22.10952380952381,21
Prince of Persia The Two Thrones,22.0,1
Anno 2205,22.0,1
Qvadriga,22.0,1
Captain Forever Remix,22.0,1
Comanche 4,22.0,1
Aion Collectors Edition,22.0,1
Cloud Chamber,22.0,1
Spintires,21.987999999999996,25
TerraTech,21.95,4
The Witcher Enhanced Edition,21.932000000000002,75
AdVenture Capitalist,21.910227272727273,88
Hearts of Iron III,21.907142857142855,14
Penny Arcade's On the Rain-Slick Precipice of Darkness 4,21.9,2
HuniePop,21.873684210526317,19
Pinball FX2,21.849999999999998,8
Call of Duty Black Ops III,21.75,34
H1Z1,21.72142857142857,112
Sid Meier's Civilization IV,21.644827586206898,29
Assassin's Creed Revelations,21.620833333333334,24
Prototype,21.61875,16
RIDE Game,21.599999999999998,3
Impire,21.566666666666666,3
Rusty Hearts,21.566666666666666,3
Phantom Breaker Battle Grounds,21.566666666666666,3
Men of War Assault Squad,21.544444444444444,9
Counter-Strike Source,21.538148984198646,443
Overlord Raising Hell,21.400000000000002,6
Return to Castle Wolfenstein,21.380000000000003,5
Watch_Dogs,21.363636363636363,33
The Elder Scrolls IV Oblivion ,21.338461538461537,52
Sleeping Dogs,21.288,75
The Talos Principle,21.235,20
Sword Coast Legends,21.2,2
Empyrion - Galactic Survival,21.2,6
Mini Metro,21.18,5
Crusader Kings II,21.15681818181818,44
Euro Truck Simulator 2,21.125581395348835,129
ARK Survival Evolved,21.074747474747475,99
Infinifactory,21.05,2
Towns,21.033333333333335,3
Broken Sword 4 - the Angel of Death,21.0,1
R.B.I. Baseball 15,21.0,1
Triple Town,21.0,1
Adventurer Manager,21.0,1
Sweet Lily Dreams,21.0,1
Pat & Mat,21.0,1
3DMark Vantage,21.0,1
Tryst,21.0,1
Duck Game,20.883333333333333,6
Batman Arkham City,20.88076923076923,26
Call of Duty 4 Modern Warfare,20.864150943396226,53
Mass Effect,20.83859649122807,57
War Thunder,20.813488372093023,215
Knights of Honor,20.8,4
Risen 2 - Dark Waters,20.628,25
Test Drive Unlimited 2,20.558823529411764,17
Divinity II - The Dragon Knight Saga,20.55,2
DarkStar One,20.55,2
Age of Conan Unchained - EU version,20.52857142857143,7
ShootMania Storm,20.5,2
Spore Galactic Adventures,20.45,14
Vampire The Masquerade - Bloodlines,20.400000000000002,24
Deponia The Complete Journey,20.400000000000002,6
Grand Theft Auto Episodes from Liberty City,20.357142857142858,49
MLB 2K12,20.35,2
Farming Simulator 2013,20.259090909090908,22
Train Simulator,20.25135135135135,37
DYNASTY WARRIORS 8 Xtreme Legends Complete Edition,20.114285714285717,7
Demigod,20.099999999999998,7
Prison Architect,20.089473684210525,76
Section 8,20.05,2
Zack Zero,20.0,1
The Curious Expedition,20.0,1
Grim Dawn,19.963636363636365,11
Batman Arkham Knight,19.942857142857143,21
Torchlight II,19.901156069364163,173
Stardust Vanguards,19.9,1
Drakensang,19.9,1
Darkest Hour Europe '44-'45,19.880000000000003,5
Grand Theft Auto IV,19.75,186
Squirreltopia,19.7,1
Windward,19.68,5
Left 4 Dead 2,19.637251908396944,655
Warhammer End Times - Vermintide,19.5875,16
Farming Simulator 2011,19.575,4
Hydrophobia Prophecy,19.56,5
Magic The Gathering - Duels of the Planeswalkers 2013,19.546666666666667,15
Tropico 3 - Steam Special Edition,19.541176470588233,17
The Sims(TM) 3,19.514285714285716,35
Supreme Ruler 2020 Gold,19.5,2
Tropico 5,19.457575757575757,33
Darksiders II,19.38909090909091,55
Darkest Dungeon,19.3875,32
L.A. Noire,19.346551724137928,58
Time Clickers,19.33125,16
Dragon Age Origins - Ultimate Edition,19.313953488372093,43
Kingdom Wars,19.311111111111114,9
Saints Row IV,19.298347107438016,121
Xenonauts,19.288888888888888,9
Counter-Strike,19.24691780821918,292
Clicker Heroes,19.223,100
Company of Heroes (New Steam Version),19.222448979591835,49
Guns and Robots,19.2,8
Perpetuum,19.2,2
Mad Games Tycoon,19.2,2
Super Panda Adventures,19.2,1
Awesomenauts,19.182352941176468,51
The Dark Eye Chains of Satinav,19.1,1
Puzzler World 2,19.1,1
EverQuest II,19.080000000000002,5
Tales of Maj'Eyal,19.075,4
PROTOTYPE 2,19.04090909090909,22
Command and Conquer Red Alert 3 - Uprising,19.027272727272727,11
Battlestations Pacific,19.025,8
Prince of Persia The Forgotten Sands,19.02,5
Might & Magic Heroes VI,18.953846153846154,26
Battlefield 2,18.919999999999998,10
F1 2015,18.900000000000002,6
Mortal Kombat X,18.896774193548385,31
Rampage Knights,18.866666666666667,6
Tom Clancy's Splinter Cell Blacklist,18.854545454545455,33
Call of Duty Modern Warfare 3,18.84689265536723,177
GRID 2,18.832,50
Tom Clancy's Ghost Recon Future Soldier,18.80909090909091,11
Dishonored,18.8008,125
The Last Remnant,18.78235294117647,17
Assetto Corsa,18.779999999999998,15
Eufloria HD,18.7,1
Fallen Enchantress Legendary Heroes,18.66,10
Call of Duty Modern Warfare 2,18.636293436293435,259
Lost Horizon,18.633333333333333,3
Mystery PI The Vegas Heist,18.6,1
Darkstone,18.6,1
Batman Arkham City GOTY,18.587500000000002,96
London 2012 The Official Video Game of the Olympic Games,18.549999999999997,2
LEGO Batman The Videogame,18.525,4
F1 2010,18.516666666666666,6
SEGA Genesis & Mega Drive Classics,18.5,6
Killing Floor,18.48355263157895,152
Call of Duty Advanced Warfare - Multiplayer,18.481818181818184,44
The Legend of Heroes Trails in the Sky,18.47142857142857,7
The Witcher 2 Assassins of Kings Enhanced Edition,18.386885245901638,122
Stronghold Crusader Extreme HD,18.35,2
Wings of Prey,18.344444444444445,9
Two Worlds II,18.322727272727274,22
Cosmonautica,18.3,2
Evil Genius,18.272727272727273,11
FarSky,18.25,2
Shadowrun Dragonfall - Director's Cut,18.246153846153845,13
NARUTO SHIPPUDEN Ultimate Ninja STORM 3 Full Burst,18.24375,32
Omerta - City of Gangsters,18.2375,16
Star Wars Knights of the Old Republic,18.21791044776119,67
LEGO The Hobbit,18.214285714285715,7
TowerFall Ascension,18.2,4
Fallout 3 - Game of the Year Edition,18.188888888888886,72
Fallout Tactics,18.175,8
Anno 1404,18.114285714285714,7
Risen 3 - Titan Lords,18.1,3
Shadowrun Hong Kong,18.02,5
StarDrive,18.0,10
TERA,17.94712643678161,87
Company of Heroes 2,17.935443037974686,79
Age of Wonders Shadow Magic,17.9,2
The Elder Scrolls III Morrowind,17.835714285714285,28
X3 Reunion,17.8,3
Robocraft,17.78988326848249,257
Dungeon Defenders,17.779545454545453,88
Blood Bowl Legendary Edition,17.754545454545454,11
Talisman Digital Edition,17.75,12
X-COM Terror from the Deep,17.740000000000002,5
Bejeweled 3,17.708333333333332,12
X-Plane 10 Global - 64 Bit,17.7,3
Neverwinter,17.615315315315314,111
GRID,17.61111111111111,18
The Book of Unwritten Tales,17.580000000000002,5
Saints Row 2,17.529411764705884,34
Batman Arkham Origins,17.521250000000002,80
Wargame AirLand Battle,17.51578947368421,19
Age of Empires III Complete Collection,17.496153846153845,52
Wolfenstein The New Order,17.477777777777778,54
Cities XL 2012,17.4,8
"On the Rain-Slick Precipice of Darkness, Episode One",17.366666666666667,3
South Park The Stick of Truth,17.34269662921348,89
Infestation Survivor Stories,17.312727272727273,55
Caribbean!,17.3,1
Killing Floor 2,17.29767441860465,43
Trials Evolution Gold Edition,17.295652173913044,23
Mount & Blade,17.255000000000003,20
The Amazing Spider-Man 2,17.225,4
Black Mesa,17.1625,8
Heroes of Might & Magic III - HD Edition,17.116666666666667,6
Star Wars Jedi Knight Dark Forces II,17.05,4
Bound By Flame,17.0,5
Eador. Masters of the Broken World,17.0,4
Petz Horsez 2,17.0,1
You Need A Budget 4 (YNAB),17.0,9
Mad Max,16.952,25
Trove,16.901333333333334,150
Dead Island,16.879194630872483,149
LIGHTNING RETURNS FINAL FANTASY XIII,16.866666666666667,3
Divinity II Developer's Cut,16.8625,8
SpellForce Platinum Edition,16.85,2
LISA,16.849999999999998,4
Age of Empires II HD Edition,16.825157232704402,159
Beasts of Prey,16.825,4
Gang Beasts,16.814285714285713,7
Legend of Grimrock,16.8125,24
Mordheim City of the Damned,16.8,2
Dragon Nest,16.766666666666666,6
Game of Thrones ,16.758333333333333,12
Assassins Creed Unity,16.742857142857144,14
Victoria II,16.736363636363635,11
GameMaker Studio,16.720000000000002,15
Plants vs. Zombies Game of the Year,16.70888888888889,45
Skyward Collapse,16.7,2
King's Quest,16.7,2
Left 4 Dead,16.69056603773585,159
X3 Terran Conflict,16.677777777777777,9
"Warhammer 40,000 Dawn of War II  Retribution",16.670212765957448,47
Tom Clancy's Ghost Recon Phantoms - EU,16.657446808510638,94
Panzar,16.645454545454545,11
The Masterplan,16.6,1
Defense Grid The Awakening,16.591666666666665,36
The Settlers 7 Paths to a Kingdom - Gold Edition,16.585714285714285,7
Fallout 3,16.562962962962963,27
Portal 2,16.53095823095823,407
Path of Exile,16.516535433070864,127
Blade Symphony,16.5125,8
Team Fortress 2,16.50945273631841,1407
Crimsonland,16.5,1
The LEGO Movie - Videogame,16.491666666666667,12
Deus Ex Human Revolution - Director's Cut,16.461702127659574,47
Men of War,16.45,10
Pro Evolution Soccer 2014,16.45,2
Cities XXL,16.425,4
F1 2013,16.418181818181818,11
Disney Infinity 2.0,16.4,1
Heroes of Might & Magic V Hammers of Fate,16.4,1
Age of Wonders,16.4,2
Space Pirates and Zombies,16.354545454545455,22
Just Cause 3,16.321428571428573,14
Dead or Alive 5 Last Round,16.3,1
Hero Siege,16.254545454545454,22
Stronghold Crusader 2,16.207692307692305,13
Antisquad,16.2,1
RollerCoaster Tycoon Deluxe,16.184615384615384,13
The Binding of Isaac,16.17190082644628,121
Football Manager 2009,16.168181818181818,22
Call of Cthulhu Dark Corners of the Earth,16.166666666666668,3
Grotesque Tactics Evil Heroes,16.15,4
Space Engineers,16.145945945945947,74
Rome Total War - Alexander,16.145454545454545,11
Life Is Strange,16.140625,32
Call of Duty Black Ops,16.111675126903553,197
Painkiller Recurring Evil,16.1,1
Majesty Gold Edition,16.1,1
Gas Guzzlers Extreme,16.06,5
March of the Eagles,16.05,4
TrackMania United,16.0,3
Football Tactics,16.0,1
Never Alone (Kisima Ingitchuna),15.975000000000001,4
Magicite,15.966666666666667,15
LEGO MARVEL Super Heroes,15.960714285714285,28
The Incredible Adventures of Van Helsing,15.956,25
Pirates of Black Cove,15.950000000000001,2
Space Empires IV Deluxe,15.95,2
Out of the Park Baseball 15,15.9,2
The Witcher Adventure Game,15.9,2
Party Hard,15.9,1
The Night of the Rabbit,15.9,1
Game of Thrones - A Telltale Games Series,15.899999999999999,19
Project Zomboid,15.87037037037037,27
IL-2 Sturmovik Battle of Stalingrad,15.85,2
Shift 2 Unleashed,15.825,8
Grand Theft Auto San Andreas,15.794117647058824,68
"Warhammer 40,000 Dawn of War  Dark Crusade",15.764705882352942,17
Audiosurf 2,15.757142857142856,7
Escape Goat,15.75,2
F1 2011,15.74,5
Town of Salem,15.718181818181819,11
"Warhammer 40,000 Dawn of War II - Chaos Rising",15.711904761904762,42
Block Story,15.7,1
RAGE,15.692307692307692,52
Agarest Generations of War,15.6875,8
Half-Life 2 Update,15.671428571428569,7
LEGO Jurassic World,15.657142857142857,7
Guild Wars Game of the Year,15.65,2
Reassembly,15.64,5
Offworld Trading Company,15.6,5
Spelunky,15.579166666666666,24
Transformers Fall of Cybertron,15.553846153846154,13
Stronghold Kingdoms,15.544444444444444,18
FreeStyle2 Street Basketball,15.544,50
Tom Clancy's Ghost Recon Phantoms - NA,15.536458333333334,96
Age of Mythology Extended Edition,15.516666666666667,30
Supreme Commander Forged Alliance,15.51,20
Lords Of The Fallen,15.5,16
Just Cause 2,15.460902255639098,133
Torchlight,15.454237288135593,59
S.T.A.L.K.E.R. Shadow of Chernobyl,15.454166666666666,24
La Tale,15.444444444444445,9
Insurgency,15.43818181818182,110
Ship Simulator Extremes,15.433333333333332,3
BioShock Infinite,15.430769230769231,195
Ultra Street Fighter IV,15.425925925925926,27
Tomb Raider,15.405464480874317,183
Wallace & Gromit Ep 2 The Last Resort,15.4,1
Dungeons of Dredmor,15.385,20
Guild of Dungeoneering,15.366666666666665,3
FTL Faster Than Light,15.353508771929825,114
Castle Story,15.342857142857142,7
Sid Meier's Ace Patrol,15.34,5
The Lord of the Rings War in the North,15.339024390243901,41
Recettear An Item Shop's Tale,15.328571428571427,14
Dota 2,15.309538114908,2663
Wildlife Park 2,15.3,2
Undertale,15.289655172413795,29
Champions Online,15.285714285714286,14
Medieval II Total War Kingdoms,15.261904761904763,21
Star Wars Jedi Knight Jedi Academy,15.235714285714286,28
Heroes of Might & Magic V Tribes of the East,15.233333333333334,3
RPG Maker VX Ace,15.214285714285714,21
Blacklight Retribution,15.208620689655174,58
Millie,15.2,1
Warlock - Master of the Arcane,15.172222222222224,18
DUNGEONS - Steam Special Edition,15.166666666666666,6
Command and Conquer 3 Kane's Wrath,15.155555555555557,9
Heroes of Scene,15.15,2
Cities XL Platinum,15.109090909090908,11
Magic 2015,15.09375,16
Shovel Knight,15.072727272727274,11
NARUTO SHIPPUDEN Ultimate Ninja STORM Revolution,15.053846153846154,13
SimCity 4 Deluxe,15.002857142857144,35
My Lands,15.0,1
Rayman Origins,14.975,8
Transformers War for Cybertron,14.971428571428572,7
Divinity II - Ego Draconis,14.95,2
"Warhammer 40,000 Space Marine",14.940540540540539,37
Mutant Mudds Deluxe,14.9,1
Gravity Badgers,14.9,1
Spore Creepy & Cute Parts Pack,14.883333333333333,6
The Sims(TM) Medieval,14.85,4
4 Elements,14.85,4
Reign Of Kings,14.821739130434782,23
Hate Plus,14.8,1
Pongo,14.8,1
Star Wars - Jedi Knight Mysteries of the Sith,14.8,1
Minimon,14.8,1
Batman Arkham Asylum GOTY Edition,14.741489361702127,94
Project CARS,14.717391304347826,23
RPG Maker XP,14.7,2
Farming Simulator 2013 - Modding Tutorials,14.7,1
Warframe,14.695751633986927,306
Wargame European Escalation,14.669230769230769,26
MechWarrior Online,14.666666666666666,3
Grand Theft Auto 2,14.6,1
NEOTOKYO,14.6,2
Sky Nations,14.6,1
Battle Academy,14.6,1
Runestone Keeper,14.6,3
Magic Duels,14.558333333333332,48
Risen,14.549999999999999,12
DmC Devil May Cry,14.548571428571428,35
Don't Starve,14.548305084745763,118
Bully Scholarship Edition,14.525,16
DC Universe Online,14.518110236220473,127
War of the Roses,14.5,27
The Movies,14.5,1
Dungeons 2,14.483333333333334,6
PlanetSide 2,14.45776397515528,161
FlatOut Ultimate Carnage,14.440000000000001,5
Overlord II,14.436363636363637,22
Resident Evil / biohazard HD REMASTER,14.416666666666666,6
The Impossible Game,14.4,1
Nostradamus The Last Prophecy,14.4,1
Medal of Honor Airborne,14.3875,8
Half-Life 2,14.368292682926828,287
Ori and the Blind Forest,14.357692307692307,26
Supreme Commander,14.353846153846153,13
Sniper Ghost Warrior,14.35,40
Tomb Raider I,14.35,4
Rogue Legacy,14.340384615384616,52
Hotline Miami 2 Wrong Number,14.323076923076922,13
The Banner Saga,14.317391304347826,23
Planets Under Attack,14.3,1
Joe Dever's Lone Wolf HD Remastered,14.3,1
The Jackbox Party Pack 2,14.3,1
Broken Sword 5 - the Serpent's Curse,14.299999999999999,6
Don't Starve Together Beta,14.294736842105264,133
Blackguards,14.266666666666667,9
LEGO Batman 2,14.225,4
Risk of Rain,14.182758620689656,58
Max Payne 2 The Fall of Max Payne,14.166666666666666,9
Lifeless Planet,14.15,4
Enemy Front,14.149999999999999,4
This War of Mine,14.129411764705884,51
Painkiller Gold Edition,14.1,1
Big Pharma,14.1,2
Cricket Captain 2014,14.1,2
State of Decay,14.095652173913043,46
Valkyria Chronicles,14.059999999999999,20
Point Perfect,14.0,1
Legend of Grimrock 2,14.0,3
Mountain,13.966666666666667,6
Boring Man - Online Tactical Stickman Combat,13.959999999999999,5
Max Payne 3,13.939240506329115,79
Iesabel,13.9,1
Alien Breed Impact,13.9,3
Blood Bowl Dark Elves Edition,13.9,1
The Walking Dead,13.897,100
Dungeon Defenders II,13.89298245614035,57
Magic The Gathering - Duels of the Planeswalkers,13.872727272727273,11
Software Inc.,13.86,5
Fallout 2,13.81764705882353,17
Sleeping Dogs Definitive Edition,13.816666666666668,12
Hitman Absolution,13.810077519379846,129
The Forest,13.802727272727273,110
Higurashi When They Cry - Ch.1 Onikakushi,13.8,1
Ultimate General Gettysburg,13.799999999999999,3
MapleStory,13.780000000000001,10
Gems of War,13.75,4
Sid Meier's Starships,13.75,8
Unturned,13.749069148936169,752
Aion,13.733333333333334,3
Darksiders,13.72089552238806,67
The Escapists,13.714285714285714,35
Rogue Shooter The FPS Roguelike,13.7,2
RollerCoaster Tycoon 3 Platinum!,13.68125,32
The Mighty Quest For Epic Loot,13.6109375,64
Red Orchestra Ostfront 41-45,13.606666666666667,15
Company of Heroes Tales of Valor,13.59,20
Call of Duty Black Ops II - Zombies,13.585714285714285,70
Wargame Red Dragon,13.58235294117647,17
EasyAntiCheat eSports,13.579999999999998,5
"Warhammer 40,000 Dawn of War  Soulstorm",13.578260869565218,23
Influent,13.5,1
BookWorm Adventures Volume 2,13.5,1
Peggle Extreme,13.5,1
The Book of Unwritten Tales 2,13.5,2
The Book of Unwritten Tales The Critter Chronicles,13.5,2
Lost Planet 3,13.47272727272727,11
FINAL FANTASY XIII-2,13.466666666666667,9
Evolve,13.45483870967742,31
Command and Conquer Red Alert 3,13.430434782608694,23
Natural Selection 2,13.415714285714285,70
Alien Breed 3 Descent,13.4,2
Heroes of Might & Magic V,13.399999999999999,9
Rome Total War,13.397499999999999,40
Orcs Must Die! 2,13.394871794871793,78
Survival Postapocalypse Now,13.383333333333333,6
Sheltered,13.38,5
March of War,13.38,10
King's Bounty The Legend,13.375,8
Space Hulk Ascension,13.366666666666667,3
Star Wars Empire at War Gold,13.355555555555556,27
Homeworld Remastered Collection,13.335714285714285,28
Dead Space 2,13.319999999999999,20
Counter-Strike Condition Zero,13.317948717948719,117
Nancy Drew The White Wolf of Icicle Creek,13.3,1
Verdun,13.294444444444444,18
Star Wars - Battlefront II,13.272289156626504,83
Counter-Strike Nexon Zombies,13.269620253164556,79
Stronghold 2,13.266666666666666,9
Defiance,13.22027027027027,74
RIFT,13.214285714285714,49
Dead Rising 3,13.207692307692307,13
FATE,13.2,2
Fight The Dragon,13.179999999999998,5
Chivalry Medieval Warfare,13.15741935483871,155
Source Filmmaker,13.15,32
Defense Grid 2,13.133333333333333,9
Dragon's Prophet,13.125,4
Space Rangers HD A War Apart,13.12,5
Saints Row Gat out of Hell,13.1,4
Borderless Gaming,13.1,1
Fallen Enchantress,13.1,3
Beyond Good & Evil,13.1,1
Dirty Bomb,13.094444444444445,90
Soldier Front 2,13.085714285714285,7
Ticket to Ride,13.057142857142859,7
RollerCoaster Tycoon 2 Triple Thrill Pack,13.033333333333333,6
Rising Storm/Red Orchestra 2 Multiplayer,13.028735632183908,87
Lego Harry Potter,12.988888888888887,9
Cossacks Back to War,12.966666666666667,3
Sometimes Success Requires Sacrifice,12.95,2
Magic Barrage - Bitferno,12.925,4
Tom Clancy's Splinter Cell Conviction,12.905714285714286,35
Full Spectrum Warrior,12.9,1
GemCraft - Chasing Shadows,12.9,1
Dead Rising 2 Off the Record,12.899999999999999,4
Unreal Tournament Game of the Year Edition,12.86,5
Men of War Condemned Heroes,12.85,2
The Incredible Adventures of Van Helsing II,12.85,12
Serious Sam HD The Second Encounter,12.824242424242424,66
King Arthur II - The Role-playing Wargame,12.816666666666668,6
Elven Legacy,12.8,2
Element4l,12.8,1
8BitBoy,12.8,2
Men of War Vietnam,12.766666666666666,3
MicroVolts Surge,12.745454545454548,11
X-COM UFO Defense,12.73,10
Need for Speed Undercover,12.722222222222221,9
Soccer Manager 2015,12.72,5
Fable - The Lost Chapters,12.709677419354838,31
DOOM 3 Resurrection of Evil,12.7,1
Wallace & Gromit Ep 3 Muzzled!,12.7,1
Metal Planet,12.7,1
Tabletop Simulator,12.7,16
Game Dev Tycoon,12.694117647058825,68
Rocksmith,12.68888888888889,9
GunZ 2 The Second Duel,12.680952380952382,42
Realm of the Mad God,12.674137931034483,58
Dishonored (RU),12.664285714285715,14
MEDIEVAL Total War - Gold Edition,12.633333333333333,3
Cities XL 2011,12.633333333333333,6
Half-Life Source,12.608695652173912,23
Sherlock Holmes versus Jack the Ripper,12.600000000000001,2
Salt,12.6,1
Beyond Space,12.6,1
Gray Matter,12.6,2
CastleMiner Z,12.6,5
Stronghold Legends,12.6,2
Company of Heroes Europe at War,12.6,2
Take On Helicopters,12.575,4
Universe at War Earth Assault,12.571428571428571,7
Overlord,12.553333333333333,15
Planetary Annihilation,12.519047619047617,42
Sherlock Holmes Crimes and Punishments,12.5,5
Dungeon of the Endless,12.5,14
The Tiny Bang Story,12.466666666666667,6
Primal Carnage Extinction,12.45,4
Nuclear Dawn,12.425,8
Arma 2 Operation Arrowhead Beta (Obsolete),12.413333333333334,15
Castle of Illusion,12.4,1
Geometry Dash,12.387500000000001,8
Distance,12.366666666666667,3
Alien Isolation,12.355172413793104,29
Shadow Harvest Phantom Ops,12.35,2
Resident Evil Revelations 2 / Biohazard Revelations 2,12.336363636363636,11
Tales from the Borderlands,12.328571428571427,14
Nancy Drew Shadow at the Water's Edge,12.3,1
Why So Evil,12.3,5
Men of War Red Tide,12.299999999999999,3
Commandos 2 Men of Courage,12.299999999999999,3
Microsoft Flight Simulator X Steam Edition,12.282352941176471,17
Stranded Deep,12.271428571428572,28
Red Faction Guerrilla Steam Edition,12.266666666666667,33
Metro Last Light,12.24078947368421,76
"Cook, Serve, Delicious!",12.222222222222221,9
Everyday Genius SquareLogic,12.2,1
New Star Soccer 5,12.2,1
Quantum of Solace,12.2,2
Assassin's Creed,12.188235294117646,34
METAL GEAR RISING REVENGEANCE,12.180645161290323,31
Sacred Citadel,12.180000000000001,5
Aliens vs. Predator,12.174603174603174,63
DiRT 2,12.163636363636364,22
Sid Meier's Civilization IV Warlords,12.155555555555557,9
Lakeview Cabin Collection,12.149999999999999,2
Magicka,12.144642857142857,168
Dungeon Siege,12.12857142857143,7
TrackMania Stadium,12.120000000000001,10
RACE 07,12.1,19
Oniken,12.1,1
Unreal Gold,12.1,1
Sol Survivor,12.1,1
Medal of Honor(TM) Multiplayer,12.085,20
Call of Duty Black Ops II,12.02289156626506,83
Deus Ex Human Revolution - The Missing Link,12.0125,16
Aliens Colonial Marines,12.011111111111111,18
Space Colony,12.0,1
Amazing Adventures Around the World,12.0,1
AKIBA'S TRIP Undead & Undressed,12.0,2
The Walking Dead Season Two,11.975555555555555,45
Monkey Island 2 Special Edition,11.959999999999999,5
Maia,11.9,2
Ascend Hand of Kul,11.879999999999999,5
F.E.A.R. 2 Project Origin,11.86969696969697,33
Imperium Romanum Gold Edition,11.85,2
APB Reloaded,11.841489361702127,94
DiRT Rally,11.8125,16
Wild Warfare,11.8,2
Warmachine Tactics,11.799999999999999,7
Unepic,11.792307692307693,13
AirMech,11.785185185185185,27
Duke Nukem Forever,11.765714285714287,35
Plague Inc Evolved,11.76153846153846,39
Command and Conquer 3 Tiberium Wars,11.75,14
Space Quest Collection,11.75,2
Deadpool,11.745454545454544,11
"Warhammer 40,000 Dawn of War - Game of the Year Edition",11.7375,16
ArcheAge,11.727777777777778,18
Galaxy on Fire 2 Full HD,11.714285714285714,7
Flatout 3,11.7,1
Seduce Me the Otome,11.7,1
Infinity Wars - Animated Trading Card Game,11.6625,8
Resident Evil 5 / Biohazard 5,11.654166666666667,24
Squad,11.65,2
SOMA,11.641666666666666,12
Cradle,11.633333333333333,3
East India Company Gold,11.6,1
Sniper Elite 3,11.58095238095238,42
Pandora First Contact,11.55,2
MASSIVE CHALICE,11.533333333333333,3
Need for Speed Hot Pursuit,11.519047619047619,42
Injustice Gods Among Us Ultimate Edition,11.50952380952381,42
Dynasty Warriors 8 - Empires,11.5,2
Keen Dreams,11.5,1
Singularity,11.485714285714286,7
Dead Island Riptide,11.484444444444444,45
Dragon Nest Europe,11.483333333333334,12
Fable Anniversary,11.471428571428572,14
Sherlock Holmes Nemesis,11.4,3
Panzer Tactics HD,11.4,1
World of Mixed Martial Arts 3,11.4,1
Fearless Fantasy,11.4,3
Rise of Nations Extended Edition,11.357142857142858,21
Blood Bowl 2,11.34,5
Call of Duty Advanced Warfare,11.334042553191491,47
Hazard Ops,11.328571428571427,7
PT Boats Knights of the Sea,11.3,1
Love,11.3,2
Railroad Pioneer,11.3,1
Theatre of War,11.3,1
The Campaign Series Fall Weiss,11.3,1
Tap Heroes,11.3,2
Company of Heroes,11.272727272727273,44
MX vs. ATV Reflex,11.266666666666666,3
Skullgirls,11.237037037037036,27
StarForge,11.222222222222221,9
Elsword,11.221428571428572,14
The Evil Within,11.216666666666667,12
Franchise Hockey Manager 2,11.2,1
Fortix 2,11.2,1
Lego Star Wars Saga,11.166666666666666,3
Bloodline Champions,11.15,14
Broken Age,11.15,14
Trine 3 The Artifacts of Power,11.125,4
Absconding Zatwor,11.1,2
War for the Overworld,11.1,10
The Lord of the Rings Online,11.095238095238095,21
Nether,11.07391304347826,23
Spiral Knights,11.027027027027026,37
Desperados - Wanted Dead or Alive,11.0,1
Rebel Galaxy,10.98,10
Star Wolves 3 Civil War,10.966666666666667,3
Heroes & Generals,10.965895953757224,173
Broforce,10.965217391304348,23
100% Orange Juice,10.957142857142857,7
Ryse Son of Rome,10.955555555555556,18
Age of Chivalry,10.927272727272728,33
Thief,10.901724137931033,58
Freight Tycoon Inc.,10.9,1
Secret Of Magia,10.9,2
Ys The Oath in Felghana,10.899999999999999,2
Total War Battles KINGDOM,10.899999999999999,6
Call of Duty Ghosts,10.886206896551723,58
Grand Ages Rome,10.866666666666667,3
Star Wars - Jedi Knight II Jedi Outcast,10.835714285714285,14
Audiosurf,10.827083333333334,48
Tony Hawk's Pro Skater HD,10.82,5
The Lady,10.8,1
Dex,10.8,1
OlliOlli,10.8,1
DeathSpank,10.8,4
Reprisal Universe,10.8,1
Grey Goo,10.799999999999999,12
DiRT 3,10.772727272727273,33
Nosgoth,10.75421686746988,83
Metro Last Light Redux,10.717391304347826,23
A Game of Thrones - Genesis,10.714285714285714,7
Empires,10.700000000000001,3
Championship Manager 2010,10.7,1
Dreamfall The Longest Journey,10.7,1
Sid Meier's Railroads!,10.683333333333332,12
Fallout,10.670588235294119,17
SpeedRunners,10.664285714285715,42
Subnautica,10.658333333333333,12
"Pirates, Vikings, & Knights II",10.65,12
AaAaAA!!! - A Reckless Disregard for Gravity,10.65,2
Dungeon Defenders Eternity,10.633333333333333,9
Nimble Writer,10.6,1
Castle In The Darkness,10.6,1
Call of Duty Black Ops - OSX,10.6,3
Agarest Zero,10.6,3
Orcs Must Die!,10.59433962264151,53
Dungeon Siege III,10.583333333333334,18
Stronghold 3,10.574418604651163,43
Woodle Tree Adventures,10.55,2
Eldritch,10.55,2
Just Cause,10.549999999999999,6
Planetary Annihilation TITANS,10.53,10
Day of Defeat,10.515555555555554,45
Blitzkrieg 2 Anthology,10.5,2
TyranoBuilder Visual Novel Studio,10.5,1
Indigo Prophecy,10.5,3
Marvel Heroes 2015,10.49672131147541,61
F1 2014,10.485714285714286,7
"Invisible, Inc.",10.4625,8
The Cave,10.458333333333334,12
Homefront,10.457894736842105,38
Crysis Warhead,10.455555555555556,18
Royal Quest,10.45,8
Midnight Club II,10.45,2
The Golf Club,10.45,2
Brothers in Arms Hell's Highway,10.45,2
Gauntlet ,10.438709677419356,31
Road Redemption,10.4,3
M.U.D. TV,10.4,2
SONIC THE HEDGEHOG 4 Episode II,10.4,2
Depth Hunter 2 Deep Dive,10.4,1
Sanitarium,10.4,1
Creativerse,10.350000000000001,18
Emergency 2013,10.35,2
Devilian,10.344444444444443,9
Primal Carnage,10.34,15
LYNE,10.3375,8
Strike Suit Infinity,10.333333333333334,3
Shadowrun Returns,10.318181818181818,33
SMITE,10.31,60
GTR Evolution,10.3,2
Divine Divinity,10.3,1
Mortal Kombat Komplete Edition,10.28679245283019,53
GRID Autosport,10.276,25
Spore,10.26046511627907,43
realMyst Masterpiece Edition,10.25,2
Rugby League Team Manager 2015,10.25,2
Guild Wars,10.24,5
Divinity Original Sin Enhanced Edition,10.233333333333333,12
LEGO The Lord of the Rings,10.217391304347826,23
Unreal Tournament 3 Black Edition,10.203125,32
Axis Game Factory's AGFPRO 3.0,10.2,1
BioShock 2,10.179166666666667,48
The Chronicles of Riddick Assault on Dark Athena,10.166666666666666,6
Company of Heroes Opposing Fronts,10.164285714285715,14
Metro 2033,10.1625,128
Brawlhalla,10.15,44
Shadowgrounds,10.15,8
Vindictus,10.1375,16
The Wolf Among Us,10.113953488372092,43
Gothic 3 Forsaken Gods Enhanced Edition,10.100000000000001,2
Ballad of Solar,10.1,1
"Warhammer 40,000 Armageddon",10.1,1
Enforcer Police Crime Action,10.05,2
To End All Wars,10.05,2
Axiom Verge,10.033333333333333,3
Bad Hotel,10.0,1
Call of Duty 2,10.0,4
S.K.I.L.L. - Special Force 2,9.994736842105263,19
Kingdom Rush,9.9625,8
Crysis 2 Maximum Edition,9.938333333333333,60
Spec Ops The Line,9.924999999999999,48
Half-Life,9.92153846153846,65
Alice Madness Returns,9.913636363636364,22
Depth,9.911999999999999,25
Angels of Fasaria Version 2.0,9.9,1
Zombie Army Trilogy,9.9,2
Guild Wars Trilogy,9.9,1
Eets Munchies,9.899999999999999,2
Cabela's Big Game Hunter Pro Hunts,9.899999999999999,2
Resident Evil Revelations / Biohazard Revelations,9.89090909090909,11
Steel Ocean,9.875,4
PAYDAY The Heist,9.852317880794702,151
Worms Reloaded,9.85135135135135,37
Volgarr the Viking,9.85,2
Crypt of the NecroDancer,9.833333333333334,12
DOOM II Hell on Earth,9.833333333333334,3
HAWKEN,9.828571428571427,56
Batla,9.825,4
Tom Clancy's Rainbow Six Vegas 2,9.818181818181818,11
Loadout Campaign Beta,9.809999999999999,10
Back to Dinosaur Island ,9.8,1
RPG Maker 2000,9.8,1
Disciples III Resurrection,9.8,1
Spectraball,9.799999999999999,3
RUNNING WITH RIFLES,9.799999999999999,3
Stronghold Crusader HD,9.783333333333333,18
Europa Universalis III,9.75,10
Shoot Many Robots,9.75,6
The Long Dark,9.742857142857142,21
DOOM 3 BFG Edition,9.725,16
Blades of Time,9.72,5
BRINK,9.700000000000001,24
Blur,9.7,5
Day of Defeat Source,9.697916666666666,96
Ace of Spades,9.69433962264151,53
Dark Messiah of Might & Magic Single Player,9.686666666666667,15
Warface,9.68348623853211,109
Transformice,9.660869565217393,23
X-COM Apocalypse,9.633333333333333,3
F.E.A.R. 3,9.630952380952381,42
Counter-Strike Condition Zero Deleted Scenes,9.609756097560975,41
NASCAR '14,9.6,1
A.R.E.S. Extinction Agenda EX,9.6,1
LEGO Worlds,9.594117647058823,17
Survarium,9.566666666666666,30
Camera Obscura,9.55,2
Crysis,9.548717948717949,39
Block N Load,9.546153846153846,26
IL-2 Sturmovik Cliffs of Dover,9.544444444444444,9
BioShock,9.535051546391752,97
Bloody Good Time,9.533333333333333,3
Starpoint Gemini 2,9.53,10
Divinity Dragon Commander,9.52,10
Insurgency Modern Infantry Combat,9.502380952380953,42
Pox Nora,9.5,2
WRC Powerslide,9.5,1
Street Fighter IV,9.5,8
Foreign Legion Buckets of Blood,9.5,1
Letter Quest Grimm's Journey,9.5,1
Half-Life 2 Episode Two,9.488888888888889,117
Earth 2160,9.483333333333333,6
Space Hulk,9.48,5
The Raven - Legacy of a Master Thief,9.475,4
World in Conflict Soviet Assault,9.459999999999999,5
Insaniquarium! Deluxe,9.45,4
Everlasting Summer,9.45,20
MXGP - The Official Motocross Videogame,9.45,2
D.I.P.R.I.P. Warm Up,9.440000000000001,5
Just Cause 2 Multiplayer Mod,9.379710144927538,69
Skulls of the Shogun,9.375,4
Harvest Massive Encounter,9.366666666666667,3
Firefall,9.353061224489796,49
District 187,9.35,2
Hammerfight,9.35,2
Arma 2,9.346575342465753,73
Titan Quest,9.330769230769231,26
The Maw,9.3,4
Hearts of Iron II Complete,9.3,2
Startopia,9.3,1
ArtRage Studio Pro,9.3,1
Sniper Elite V2,9.283076923076923,130
Grow Home,9.27,10
OMSI 2,9.266666666666667,3
Take On Mars,9.266666666666666,3
Farm for your Life,9.25,2
King Arthur Collection,9.25,2
Anna's Quest,9.25,2
Relic Hunters Zero,9.233333333333333,9
Command and Conquer 4 Tiberian Twilight,9.216666666666667,12
TransOcean The Shipping Company,9.200000000000001,3
Super 3-D Noah's Ark,9.2,1
Chronicles of a Dark Lord Episode 1 Tides of Fate Complete,9.2,1
Parcel,9.2,1
Car Mechanic Simulator 2015,9.191666666666666,12
Starbound - Unstable,9.157142857142857,7
Arctic Combat,9.15,2
Dungeons & Dragons Chronicles of Mystara,9.149999999999999,2
Synergy,9.149999999999999,36
F.E.A.R.,9.133333333333333,15
Ghost Master,9.125,4
Sunless Sea,9.122222222222222,9
Dawn of Discovery,9.100000000000001,2
The Incredible Adventures of Van Helsing III,9.1,1
From Dust,9.1,23
The Testament of Sherlock Holmes,9.085714285714285,14
Sonic Generations,9.077777777777778,18
Deus Ex Game of the Year Edition,9.055,20
Cubic Castles,9.009090909090908,11
Dominions 4,9.0,1
Hotel Dash,9.0,1
Jagged Alliance 2 - Wildfire ,9.0,3
The Stomping Land,9.0,7
Airport Madness World Edition,9.0,1
Spacebase DF-9,8.985714285714286,7
KickBeat Steam Edition,8.983333333333333,6
Chaos on Deponia,8.977777777777778,9
Krater,8.950000000000001,8
DeathSpank Thongs Of Virtue,8.95,2
Full Mojo Rampage,8.944444444444445,9
Child of Light,8.942105263157895,19
Uncrowded,8.940000000000001,5
Hitman Sniper Challenge,8.92,5
Two Worlds Epic Edition,8.92,15
Hard Reset,8.9125,8
Guns of Icarus Online,8.905454545454546,55
Valdis Story Abyssal City,8.9,3
Boid,8.9,1
Starscape,8.9,1
Magical Diary,8.9,1
State of Decay Year-One,8.9,2
Build-A-Lot,8.9,1
Red Faction Armageddon,8.845161290322581,31
Polarity,8.837499999999999,8
Echo of Soul,8.835714285714285,14
The Bureau XCOM Declassified,8.814285714285715,14
The Legend of Korra,8.814285714285715,7
Omegalodon,8.8,1
Out of the Park Baseball 16,8.8,1
Death Rally,8.8,2
Gun Metal,8.8,1
Legends of Aethereus,8.8,1
Broken Sword 1 - Shadow of the Templars Director's Cut,8.799999999999999,3
Alan Wake,8.779710144927536,69
"Warhammer 40,000 Dawn of War  Winter Assault",8.77142857142857,7
Pixel Piracy,8.755555555555555,18
Dust An Elysian Tail,8.736842105263158,38
Sunrider Mask of Arcadius,8.733333333333333,3
Sakura Clicker,8.726923076923077,26
Bulletstorm,8.721052631578948,19
Lost Planet Extreme Condition,8.716666666666667,6
Mini Ninjas,8.7,1
Dustforce,8.675,8
Gnomoria,8.675,4
Hitman Codename 47,8.666666666666666,3
Post Apocalyptic Mayhem,8.66,5
Mafia,8.65,4
War of the Vikings,8.65,2
Gotham City Impostors Free To Play,8.642857142857142,35
Lambda Wars Beta,8.633333333333333,6
Infested Planet,8.633333333333333,6
Toribash,8.63170731707317,41
Interstellar Marines,8.625,4
Monday Night Combat,8.606666666666666,15
Letter Quest Grimm's Journey Remastered,8.6,1
Besiege,8.6,68
resident evil 4 / biohazard 4,8.6,11
Ether One,8.6,3
Greyfox,8.6,3
Stonehearth,8.58,5
Nation Red,8.569999999999999,10
Call of Juarez The Cartel,8.558333333333334,12
One Finger Death Punch,8.557142857142857,21
The Darkness II,8.555172413793104,29
The Guild II Renaissance,8.55,10
Viridi,8.549999999999999,2
Mystery P.I. The Lottery Ticket,8.549999999999999,2
Burnout Paradise The Ultimate Box,8.533333333333333,54
NOT A HERO,8.533333333333333,3
Driver San Francisco,8.525,12
Sid Meier's Pirates!,8.511111111111111,18
Frozen Synapse,8.505555555555555,18
Far Cry 2,8.502857142857144,35
Worms Revolution,8.502564102564103,39
Clockwork Empires,8.5,1
Scribblenauts Unmasked,8.5,5
System Protocol One,8.5,1
Alien Breed 2 Assault,8.5,4
Airport Simulator 2014,8.5,1
Of Orcs And Men,8.5,5
Dead Island Epidemic,8.494285714285715,70
Sniper Ghost Warrior 2,8.47857142857143,28
Multiwinia,8.475,4
Half-Life 2 Deathmatch,8.450526315789473,95
iBomber Defense Pacific,8.45,2
Call of Juarez Gunslinger,8.442499999999999,40
Rebuild 3 Gangs of Deadsville,8.4,1
Star Traders 4X Empires,8.4,1
Earth 2150 The Moon Project,8.4,1
Castle Crashers,8.398290598290599,117
Wolfenstein The Old Blood ,8.372727272727273,11
FINAL FANTASY VIII,8.368181818181817,22
Godus,8.366666666666667,15
Prince of Persia Warrior Within,8.366666666666665,3
ArcaniA,8.357142857142858,7
Crusaders of the Lost Idols,8.35,2
Skullgirls Endless Beta,8.35,8
Why So Evil 2 Dystopia,8.35,2
Metro 2033 Redux,8.346666666666668,30
Mercenary Kings,8.31111111111111,9
Star Wolves,8.3,1
Gaokao.Love.100Days,8.3,2
Burgers,8.3,2
Nancy Drew The Deadly Device,8.3,2
Q.U.B.E.,8.3,1
Tea Party Simulator 2015,8.3,2
Binary Domain,8.3,4
Hunted The Demon's Forge,8.25,4
Brothers in Arms Road to Hill 30,8.25,2
Guacamelee! Gold Edition,8.236363636363636,22
WRC 4 FIA WORLD RALLY CHAMPIONSHIP,8.233333333333333,3
How to Survive,8.225531914893617,47
Rivals of Aether,8.200000000000001,3
Road Not Taken,8.2,1
Atlantica Online,8.2,1
No Time To Explain Remastered,8.2,2
Audition Online,8.2,1
Jagged Alliance Flashback,8.2,1
POSTAL 2,8.19375,32
Front Mission Evolved,8.185714285714285,7
Far Cry,8.176923076923076,13
Tribes Ascend,8.152,25
Turbo Dismount,8.15,14
Wind of Luck Arena,8.15,4
Mark of the Ninja,8.141176470588235,51
Legends of Pegasus,8.133333333333333,3
Peggle Nights,8.125,4
Call of Juarez Bound in Blood,8.125,4
Shadow Warrior,8.117391304347825,23
Need for Speed SHIFT,8.116666666666667,6
Galactic Civilizations II Ultimate Edition,8.10625,16
Manyland,8.1,1
DCS World,8.1,4
Myst Masterpiece Edition,8.1,1
STAR WARS X-Wing vs. TIE Fighter,8.1,1
Sam & Max 202 Moai Better Blues,8.1,1
Memoir '44 Online,8.1,1
Community College Hero Trial by Fire,8.1,1
Villagers and Heroes,8.075,8
BeamNG.drive,8.066666666666666,15
Aftermath,8.05151515151515,33
Zombies Monsters Robots,8.045,20
Overgrowth,8.025,4
Aura Kingdom,8.024,25
Nom Nom Galaxy,8.0,1
Fahrenheit Indigo Prophecy Remastered,8.0,2
SpaceChem,7.99,20
Faerie Solitaire,7.9799999999999995,5
Loadout,7.959663865546219,119
Clive Barker's Jericho,7.949999999999999,2
Nuclear Throne,7.9375,8
Secret Files Tunguska,7.9,1
Kohan Immortal Sovereigns,7.9,1
Obscure,7.9,1
Codename CURE,7.893333333333333,15
Medal of Honor(TM) Single Player,7.892307692307692,26
Sonic & All-Stars Racing Transformed,7.886956521739131,23
Max Payne,7.87,10
Alien Swarm,7.866486486486486,185
METAL GEAR SOLID V GROUND ZEROES,7.8625,32
ENSLAVED Odyssey to the West Premium Edition,7.85,2
Star Conflict,7.845714285714286,35
Ys Origin,7.8428571428571425,7
Lost Saga North America,7.833333333333333,3
Uplink,7.8125,8
Portal Stories Mel,7.80625,16
No More Room in Hell,7.8026490066225165,151
Creeper World 3 Arc Eternal,7.8,3
Railroad Tycoon 3,7.8,2
Zombie Grinder,7.8,1
Mishap An Accidental Haunting,7.8,2
Steredenn,7.8,1
Incoming Forces,7.8,1
Amnesia The Dark Descent,7.798591549295775,71
Beat Hazard,7.7875000000000005,24
Trine 2,7.775471698113208,106
Styx Master of Shadows,7.771428571428571,7
Shattered Horizon,7.7625,8
THE KING OF FIGHTERS 2002 UNLIMITED MATCH,7.75,2
MacGuffin's Curse,7.75,2
The Ball,7.75,10
Star Wars The Force Unleashed II,7.7375,8
Jigoku Kisetsukan Sense of the Seasons,7.733333333333333,3
F.E.A.R. Extraction Point,7.7,5
Overture,7.7,2
Carmageddon Reincarnation,7.666666666666667,3
The Amazing Spider-Man,7.666666666666667,3
Far Cry 3 Blood Dragon,7.663333333333333,30
Octodad Dadliest Catch,7.663157894736842,19
Archeblade,7.65625,32
Deponia,7.65,22
Airline Tycoon 2,7.65,4
Super Monday Night Combat,7.65,16
Door Kickers,7.6499999999999995,8
Sonic Adventure 2 ,7.633333333333334,9
Star Wars The Force Unleashed Ultimate Sith Edition,7.622727272727272,22
Scribblenauts Unlimited,7.617999999999999,50
Ghostbusters The Video Game,7.614285714285714,7
Bastion,7.607142857142857,84
Master Levels for DOOM II,7.6,1
Endless Sky,7.6,2
Blazing Angels Squadrons of WWII,7.6,1
Silent Storm Sentinels,7.6,1
City of Heroes,7.6,1
ToCA Race Driver 3,7.6,2
Grand Theft Auto Vice City,7.589655172413793,29
Sanctum 2,7.576923076923077,39
The Albino Hunter,7.566666666666666,3
Merchants of Kaidan,7.55,2
Secrets of Grindea,7.533333333333334,3
Dreamfall Chapters,7.533333333333334,3
Fairy Bloom Freesia,7.533333333333332,6
CastleStorm,7.529999999999999,10
Dead Space,7.523809523809524,42
Serious Sam 3 BFE,7.5017543859649125,57
Lilly Looking Through,7.5,1
Runaway A Road Adventure,7.5,1
ORION Prelude,7.5,52
La-Mulana,7.5,2
Cubemen 2,7.5,2
Satellite Reign,7.5,4
QuestRun,7.4799999999999995,5
The Longest Journey,7.466666666666666,3
Metro Conflict,7.444444444444445,9
Kane & Lynch 2 Dog Days,7.418181818181818,11
Brtal Legend,7.406896551724138,29
Lumino City,7.4,1
Split/Second,7.4,1
DiRT,7.4,1
Nancy Drew The Captive Curse,7.4,1
Cast of the Seven Godsends,7.4,1
Mirror's Edge,7.391176470588236,68
Devil May Cry 4 Special Edition,7.366666666666667,3
FEZ,7.338709677419355,31
X Rebirth,7.333333333333333,6
Horizon,7.300000000000001,3
Crazy Machines 2,7.3,2
The Walking Dead Survival Instinct,7.3,1
Outlast,7.292156862745098,51
Trine,7.274074074074075,54
A New Beginning - Final Cut,7.266666666666667,3
Thief Deadly Shadows,7.26,5
Tom Clancy's H.A.W.X.,7.25,2
GoD Factory Wingmen,7.25,2
Sid Meier's Civilization IV Colonization,7.228571428571429,7
DOOM 3,7.222222222222222,9
Atom Zombie Smasher ,7.22,15
Poker Night at the Inventory,7.21923076923077,26
Tactical Intervention,7.203571428571428,28
Nancy Drew Danger By Design,7.2,1
Grim Legends The Forsaken Bride,7.2,5
METAL SLUG X,7.2,1
Cloudberry Kingdom,7.2,1
Buccaneer The Pursuit of Infamy,7.2,1
Rotieer,7.2,1
Mind Path to Thalamus Enhanced Edition,7.2,2
Roguelands,7.2,1
Nancy Drew Tomb of the Lost Queen,7.2,2
Star Wars Dark Forces,7.171428571428572,7
Small World 2,7.166666666666667,3
Magicka Wizard Wars,7.15625,64
DiRT Showdown,7.152941176470588,17
KnightShift,7.15,2
RPG MO,7.133333333333333,3
Closure,7.133333333333333,3
Piercing Blow,7.133333333333333,3
Devil May Cry 4,7.13125,16
Receiver,7.1000000000000005,3
Gravilon,7.1,2
Batman Arkham Origins Blackgate - Deluxe Edition,7.1,2
Tiny Brains,7.1,1
Might & Magic Heroes VII ,7.1,2
Hatoful Boyfriend,7.083333333333333,6
Hand Of Fate,7.06,5
Dead Rising 2,7.05,18
BLOCKADE 3D,7.0479452054794525,73
Gotham City Impostors,7.0181818181818185,11
Remember Me,7.009523809523809,21
Starlaxis Supernova Edition,7.0,2
Dig or Die,7.0,3
Lego Star Wars 3 The Clone Wars,7.0,3
Cargo! - The quest for gravity,7.0,2
Enemy Territory Quake Wars,7.0,1
Armello,7.0,2
Call of Duty United Offensive,7.0,2
Race The WTCC Game,7.0,2
Traps N' Gemstones,7.0,1
Cave Story+,6.9944444444444445,18
Tomb Raider Underworld,6.977777777777778,9
DuckTales Remastered,6.966666666666666,3
Altitude,6.959999999999999,10
Hotline Miami,6.958904109589041,73
Strife,6.955555555555556,18
BattleBlock Theater,6.951685393258427,89
Brilliant Bob,6.95,4
Castlevania Lords of Shadow - Ultimate Edition,6.95,12
Spirits,6.949999999999999,2
Dragon Quest Heroes,6.949999999999999,2
Bardbarian,6.949999999999999,2
GameGuru,6.933333333333334,3
The Secret of Monkey Island Special Edition,6.93,20
Mount Your Friends,6.909999999999999,10
DARK,6.9,2
Last Word,6.9,1
BookWorm Deluxe,6.9,2
Ys I,6.9,1
Planet Explorers,6.8999999999999995,9
Ultimate Tic-Tac-Toe,6.8999999999999995,3
Arma 2 DayZ Mod,6.889473684210526,19
Sniper Elite Nazi Zombie Army,6.876470588235295,17
Transistor,6.871428571428572,28
Democracy 3,6.85,22
Viscera Cleanup Detail,6.844444444444445,9
Penguins Arena Sedna's World,6.833333333333333,3
Iron Grip Warlord,6.800000000000001,2
Castaway Paradise,6.8,1
Abyss The Wraiths of Eden,6.8,1
Emergency 2014,6.8,1
School of Dragons How to Train Your Dragon,6.8,14
Descent,6.8,3
Giana Sisters Twisted Dreams,6.790909090909091,11
Shank 2,6.779999999999999,10
Miscreated,6.775,4
Tower Wars,6.7749999999999995,12
E.Y.E Divine Cybermancy,6.75625,16
Wolfenstein The Old Blood German Edition,6.75,2
METAL SLUG DEFENSE,6.7250000000000005,4
DUNGEONS - The Dark Lord (Steam Special Edition),6.725,4
Half-Life 2 Episode One,6.725,124
Dragons and Titans,6.720000000000001,10
Salvation Prophecy,6.7,2
Disciples Sacred Lands Gold,6.7,1
Knock-knock,6.7,1
Chroma Squad,6.7,2
Holy Potatoes! A Weapon Shop?!,6.7,4
Nancy Drew Curse of Blackmoor Manor ,6.7,1
Empire TV Tycoon,6.7,1
Gorky 17,6.7,1
WTFast Gamers Private Network (GPN),6.7,1
Galcon Fusion,6.7,1
Ghost in the Shell Stand Alone Complex First Assault Online,6.7,1
Tiny Bridge Ratventure,6.699999999999999,2
Order of War,6.69,10
AION Free-to-Play,6.666666666666667,3
Poker Night 2,6.652380952380952,21
Speedball 2 Tournament,6.65,2
Gratuitous Space Battles,6.6461538461538465,13
12 Labours of Hercules II The Cretan Bull,6.640000000000001,5
Fistful of Frags,6.63404255319149,47
Shantae and the Pirate's Curse,6.633333333333333,3
Waking Mars,6.633333333333333,6
Minecraft Story Mode - A Telltale Games Series,6.628571428571428,7
Psychonauts,6.628125,32
Fallen Earth,6.627777777777777,18
Grim Fandango Remastered,6.625,12
Minimum,6.609999999999999,10
Worms Armageddon,6.608333333333333,12
NBA 2K9,6.6000000000000005,4
Stronghold HD,6.6,13
Hard Truck Apocalypse / Ex Machina,6.6,1
BloodRayne,6.6,1
Symphony,6.6,1
Heavy Bullets,6.6,1
Puzzle Quest Galactrix,6.6,1
RPG Maker 2003,6.6,1
UFO Aftermath,6.6,1
Alien Shooter Vengeance,6.6,2
Contraption Maker,6.6,2
The Gate,6.6,1
Revenge of the Titans,6.557142857142857,7
Teenage Mutant Ninja Turtles Out of the Shadows,6.540000000000001,5
12 Labours of Hercules III Girl Power,6.533333333333334,3
Hitman Blood Money,6.533333333333334,12
MURDERED SOUL SUSPECT,6.528571428571429,14
Moonbase Alpha,6.5200000000000005,10
Waveform,6.5,4
Bob Was Hungry,6.5,2
Ship Simulator Maritime Search and Rescue,6.5,1
"War, the Game",6.5,1
Papo & Yo,6.5,4
Operation Flashpoint Red River,6.5,6
The Adventures of Tree,6.5,1
Magic The Gathering  Tactics,6.5,1
Happy Wars,6.492000000000001,25
Greed Corp,6.475,8
Cogs,6.471428571428571,7
Mars War Logs,6.457142857142857,7
Carmageddon 2 Carpocalypse Now,6.45,2
The Fifth Day,6.45,2
PAC-MAN Championship Edition DX+,6.45,6
Firefighters 2014,6.45,2
Dead Realm,6.428571428571429,7
Dizzel,6.425,8
Quantum Conundrum,6.411111111111111,9
Iron Brigade,6.400000000000001,3
Hack 'n' Slash,6.4,2
Mega Man Legacy Collection,6.4,1
Doodle God,6.4,1
The Clockwork Man,6.4,1
SPACECOM,6.4,1
Teddy Floppy Ear - The Race,6.4,1
Viscera Cleanup Detail Santa's Rampage,6.392307692307692,13
Operation Flashpoint Dragon Rising,6.39,10
Shufflepuck Cantina Deluxe VR,6.366666666666667,3
Scourge Outbreak,6.366666666666667,3
Hammerwatch,6.364864864864865,37
Portal,6.359347181008902,337
TimeShift,6.3500000000000005,2
TIS-100,6.35,2
Reus,6.328125,32
Chuzzle Deluxe,6.3,1
Fieldrunners 2,6.3,1
Republique,6.3,1
Wasteland 1 - The Original Classic,6.3,1
The Guild Gold Edition,6.3,1
War in a Box Paper Tanks,6.3,1
Abyss Odyssey,6.3,3
Always Sometimes Monsters,6.277777777777778,9
Blazing Angels 2 Secret Missions of WWII,6.266666666666667,3
Q.U.B.E Director's Cut,6.266666666666667,3
Amnesia A Machine for Pigs,6.258823529411765,17
Rising World,6.25,2
Infinite Crisis,6.2437499999999995,16
Renegade Ops,6.2,6
Automation - The Car Company Tycoon Game,6.2,2
Quake III Arena,6.2,3
Dark Messiah of Might & Magic Multi-Player,6.2,8
Fiesta Online,6.2,1
Fatty Maze's Adventures,6.2,1
The Dream Machine,6.2,2
Colin McRae Rally,6.2,1
Rune Classic,6.2,1
Grand Theft Auto III,6.189473684210526,19
Battlestations Midway,6.175000000000001,4
The Expendabros,6.172727272727272,33
NEKOPARA Vol. 1,6.1571428571428575,7
Anoxemia,6.15,4
Tom Clancy's Rainbow Six 3 Gold Edition,6.15,2
Alien Rage - Unlimited,6.15,2
A.V.A - Alliance of Valiant Arms,6.141176470588235,17
Alpha Protocol,6.1375,8
Machinarium,6.130434782608695,23
Defender's Quest Valley of the Forgotten,6.125,4
Section 8 Prejudice,6.111111111111111,9
Metal Reaper Online,6.1000000000000005,3
Dungeon Siege 2,6.1000000000000005,3
America's Army Proving Grounds,6.1000000000000005,22
Mainland,6.1,1
Hegemony Gold Wars of Ancient Greece,6.1,1
Tales of Monkey Island Chapter 3 - Lair of the Leviathan ,6.1,2
Darkest Hour A Hearts of Iron Game,6.1,2
Sam & Max 205 What's New Beelzebub?,6.1,1
Sword of the Stars Complete Collection,6.1,1
Surgeon Simulator,6.086440677966102,59
Shank,6.083333333333333,6
Lara Croft and the Temple of Osiris,6.066666666666666,3
Super Sanctum TD,6.033333333333334,3
Cryostasis,6.033333333333334,3
NyxQuest,6.0,2
Finn and Jake's Epic Quest,6.0,1
Prime World Defenders,6.0,5
WWE 2K15,6.0,3
Monochroma,6.0,1
Hegemony Rome The Rise of Caesar,6.0,1
Red Crucible Firestorm,6.0,18
Call of Juarez,6.0,2
Lead and Gold - Gangs of the Wild West,5.971428571428571,7
Monopoly,5.966666666666666,3
The Wonderful End of the World,5.966666666666666,3
Stacking,5.963636363636365,11
King Arthur - The Role-playing Wargame,5.96,10
Valiant Hearts The Great War / Soldats Inconnus  Mmoires de la Grande Guerre,5.954545454545454,11
Out There Somewhere,5.95,4
Jack Lumber,5.933333333333334,3
Divekick,5.933333333333334,6
theHunter,5.930434782608696,46
Goat Simulator,5.9288659793814436,97
HELLDIVERS,5.9,5
Duke Nukem 3D Megaton Edition,5.9,11
Rising Angels Reborn,5.9,1
Nancy Drew The Haunted Carousel,5.9,1
Enigmatis 2 The Mists of Ravenwood,5.9,1
Nightmares from the Deep 3 Davy Jones,5.9,1
1953 NATO vs Warsaw Pact,5.9,1
Super Puzzle Platformer Deluxe,5.9,1
The Baconing,5.9,5
Panzer Corps,5.9,1
Return to Mysterious Island 2,5.9,1
Europa Universalis Rome - Gold Edition,5.9,1
Strategic War in Europe,5.9,1
Trainz Simulator 12,5.9,2
Magicka 2,5.88,10
F.E.A.R. Perseus Mandate,5.866666666666667,6
IL-2 Sturmovik 1946,5.866666666666667,6
Jet Set Radio,5.85,2
War Inc. Battlezone,5.847368421052631,19
BIT.TRIP Presents... Runner2 Future Legend of Rhythm Alien,5.844444444444445,9
Shoppe Keep,5.833333333333333,3
Duke Nukem Forever ,5.833333333333333,3
Street Fighter X Tekken,5.833333333333333,3
Super Meat Boy,5.825675675675676,74
Super Amazing Wagon Adventure,5.800000000000001,2
18 Wheels of Steel American Long Haul,5.8,1
Nancy Drew Warnings at Waverly Academy,5.8,1
Arma Cold War Assault,5.8,5
East India Company Pirate Bay,5.8,1
Silent Hunter Wolves of the Pacific,5.8,1
Puzzle Dimension,5.8,1
DiggerOnline,5.792307692307692,13
Lucius,5.783333333333333,18
Folk Tale,5.775,4
Lost Planet 2,5.76,5
Sniper Elite Nazi Zombie Army 2,5.758333333333333,12
12 Labours of Hercules,5.75,6
HOARD,5.745454545454546,11
Next Car Game Wreckfest,5.745,20
DiRT 3 Complete Edition,5.741176470588236,17
Eden Star  Destroy - Build - Protect,5.733333333333333,3
Trials 2 Second Edition,5.725,4
Get Off My Lawn!,5.720000000000001,5
Painkiller Hell & Damnation,5.7124999999999995,8
I am Bread,5.711111111111111,9
Card Hunter,5.708333333333333,12
Abandoned Chestnut Lodge Asylum,5.7,1
STARWHAL,5.7,1
Stellar Impact,5.7,1
Into the Dark,5.7,1
SiN Episodes Emergence,5.7,1
Conflict Denied Ops,5.7,1
Interplanetary,5.7,1
Broken Sword 2 - the Smoking Mirror Remastered,5.7,1
Hard Truck Apocalypse Rise Of Clans / Ex Machina Meridian 113,5.7,1
Ski Region Simulator,5.699999999999999,2
Football Manager 2016 Demo,5.680000000000001,5
The Guild II,5.675000000000001,8
GUILTY GEAR Xrd -SIGN-,5.666666666666667,3
Goodbye Deponia,5.66,5
Swipecart,5.65,2
Worms Ultimate Mayhem,5.65,4
Navy Field 2  Conqueror of the Ocean,5.6499999999999995,6
Run and Fire,5.6499999999999995,2
Sacred 3,5.6499999999999995,4
Half-Life Opposing Force,5.644827586206896,29
The Ship,5.642857142857143,28
Devil May Cry 3 Special Edition,5.64,5
Killing Floor Mod Defence Alliance 2,5.64,5
Half Minute Hero Super Mega Neo Climax Ultimate Boy,5.64,5
Unreal Tournament 2004,5.6375,8
Divine Souls,5.62,5
Tap Tap Infinity,5.614285714285714,7
Peggle Deluxe,5.609090909090909,11
Sang-Froid - Tales of Werewolves,5.6000000000000005,7
Robot Rescue Revolution,5.6,1
Pro Evolution Soccer 2013,5.6,1
Oddworld New 'n' Tasty,5.6,4
Primordia,5.6,2
The Detail,5.6,2
Pressured,5.6,1
Portal 2 - The Final Hours,5.6,1
Fancy Skulls,5.6,1
Yesterday,5.6,1
Daylight,5.6,1
STORM Frontline Nation,5.6,1
Hatred,5.6,2
RaceRoom Racing Experience ,5.596,25
Knights of Pen and Paper +1,5.583333333333333,12
Slender The Arrival,5.583333333333333,6
Prince of Persia The Sands of Time,5.583333333333333,6
Painkiller Black Edition,5.566666666666666,3
Ricochet,5.566666666666666,3
Star Wars Republic Commando,5.558333333333334,24
iBomber Defense,5.550000000000001,2
Pixel Puzzles Japan,5.542857142857144,7
Lara Croft and the Guardian of Light,5.5375,16
VVVVVV,5.533333333333334,18
Viking Battle for Asgard,5.533333333333332,6
SpaceForce Rogue Universe,5.5,1
Boson X,5.5,5
One Way Heroics,5.5,3
Aerena,5.5,1
Azure Striker Gunvolt,5.5,1
Nancy Drew Ghost of Thornton Hall,5.5,2
Quake 4,5.5,1
NEO Scavenger,5.475,4
F1 Race Stars,5.475,4
Contagion,5.4714285714285715,35
Vessel,5.449999999999999,2
Universe Sandbox,5.446428571428571,28
Pool Nation,5.433333333333334,6
Lucius II,5.433333333333334,3
Nightmares from the Deep 2 The Siren`s Call,5.433333333333334,3
Despair,5.425000000000001,4
SUPER DISTRO,5.400000000000001,3
FOTONICA,5.4,1
Rugby Challenge 2,5.4,1
Nancy Drew Ransom of the Seven Ships ,5.4,2
Out There  Edition,5.4,2
Super Hexagon,5.4,16
fault milestone one,5.4,1
Nancy Drew Danger on Deception Island ,5.4,1
King of Dragon Pass,5.4,1
Serious Sam Classic The Second Encounter,5.4,1
10 Second Ninja,5.4,1
Borealis,5.4,1
99 Levels To Hell,5.4,1
Poly Bridge,5.383333333333334,12
Wanderlust Rebirth,5.383333333333333,6
Act of Aggression,5.366666666666667,3
Sanctum,5.3625,24
Aura Fate of the Ages,5.35,2
The Jackbox Party Pack,5.35,4
Voxelized,5.35,2
Battlepaths,5.32,10
Hitman 2 Silent Assassin,5.311111111111111,9
Zombie Shooter 2,5.300000000000001,2
3DMark,5.300000000000001,13
Choice Chamber,5.3,1
Pride of Nations,5.3,1
Redshirt,5.3,1
Cherry Tree High I! My! Girls!,5.3,1
Rogue Trooper,5.3,1
Tom Clancy's H.A.W.X. 2,5.3,6
Bullet Heaven 2,5.3,1
BRAINPIPE A Plunge to Unhumanity,5.3,1
Earth 2150 Lost Souls,5.3,1
Battle Islands,5.266666666666667,3
bit Dungeon II,5.25,2
Kingdom Tales 2,5.25,2
Zuma's Revenge,5.25,2
Convoy,5.25,2
SNOW,5.25,2
Fractured Space,5.233333333333333,12
Evochron Mercenary,5.233333333333333,3
Sid Meier's Ace Patrol Pacific Skies,5.228571428571429,7
SolForge,5.228571428571429,7
UberStrike,5.2153846153846155,13
Professional Farmer 2014,5.2125,8
WAKFU,5.2125,24
Savage Lands,5.211111111111111,9
The Clockwork Man The Hidden World,5.2,1
Before the Echo,5.2,3
The Typing of The Dead Overkill,5.2,3
The Magic Circle,5.2,1
Platypus,5.2,1
Build-A-Lot 2,5.2,1
Sniper Elite,5.2,5
Deadly Premonition The Director's Cut,5.2,2
Metal War Online Retribution,5.2,1
Tidalis,5.2,1
Robot Roller-Derby Disco Dodgeball,5.1875,8
"Papers, Please",5.186538461538461,52
Tales of Monkey Island Chapter 1 - Launch of the Screaming Narwhal,5.175,4
Robotex,5.15,4
Black Ink,5.15,2
Indiana Jones and the Fate of Atlantis,5.133333333333333,3
Mitos.is The Game,5.128947368421053,38
Medieval Engineers,5.122222222222223,9
WARMODE,5.118181818181818,22
Space Run,5.1000000000000005,7
DeadCore,5.1,1
Reversi,5.1,1
Geometry Wars 3 Dimensions Evolved,5.1,1
"Time Gentlemen, Please!",5.1,1
Portal of Evil Stolen Runes Collector's Edition,5.1,1
Windborne,5.1,1
Gothic II Gold Edition,5.1,1
Nancy Drew Ghost Dogs of Moon Lake ,5.1,2
"Hamlet or the last game without MMORPG features, shaders and product placement",5.1,1
9 Clues 2 The Ward,5.1,1
Ys VI The Ark of Napishtim,5.1,1
Diner Dash Hometown Hero,5.1,1
Autocraft,5.1,1
Speed Kills,5.1,1
The Swapper,5.093333333333334,15
Nidhogg,5.070833333333334,24
Angels Fall First,5.066666666666667,3
Prey,5.066666666666666,3
The Vanishing of Ethan Carter,5.055555555555555,18
Timberman,5.05,2
Enigmatis The Ghosts of Maple Creek,5.05,2
The Basement Collection,5.033333333333333,3
Teeworlds,5.016666666666667,6
Serious Sam HD The First Encounter,5.005000000000001,20
Doctor Who The Eternity Clock,5.0,1
Hylics,5.0,1
Shelter,5.0,2
Swords and Soldiers HD,5.0,3
Hector Ep 2,5.0,1
Battle vs Chess,5.0,1
Edna & Harvey Harvey's New Eyes,5.0,2
Quake,5.0,5
Two Worlds II Castle Defense,5.0,1
An Assassin in Orlandes,5.0,1
Ascendant,5.0,1
Decay - The Mare,5.0,1
Victim of Xen,5.0,5
Serious Sam 2,4.985714285714286,7
THE KING OF FIGHTERS XIII STEAM EDITION,4.984615384615385,13
They Bleed Pixels,4.975,4
Solar 2,4.975,16
Penumbra Black Plague,4.9625,8
Lilly and Sasha Curse of the Immortals,4.95,2
Strong Bad Episode 1 Homestar Ruiner,4.95,2
X2 The Threat,4.95,2
1... 2... 3... KICK IT! (Drop That Beat Like an Ugly Baby),4.949999999999999,4
Knights and Merchants,4.942857142857143,7
King Arthur's Gold,4.942857142857143,7
Sword of the Stars The Pit,4.933333333333334,3
"Sir, You Are Being Hunted",4.928571428571429,7
Labyronia RPG,4.9,3
Amnesia Memories,4.9,2
Cloudy with a Chance of Meatballs,4.9,1
Bloodbath Kavkaz,4.9,1
Shellshock 2 Blood Trails,4.9,1
Kingdom,4.8999999999999995,3
Tomb Raider Legend,4.8999999999999995,3
Halo Spartan Assault,4.8999999999999995,6
Zombie Panic Source,4.894594594594595,37
Chains,4.866666666666666,3
Darwinia,4.8500000000000005,6
Obulis,4.85,2
METAL SLUG 3,4.846666666666667,15
Serious Sam Classic The First Encounter,4.84,5
Patch testing for Chivalry,4.833333333333333,3
Mortal Kombat Kollection,4.828571428571429,7
Puzzle Agent,4.825,4
Geometry Wars Retro Evolved,4.825,4
Speedball 2 HD,4.82,5
Blockland,4.816666666666666,6
Plain Sight,4.814285714285715,7
Braid,4.8136363636363635,22
Dungeons & Dragons Daggerdale,4.800000000000001,4
Pre-Civilization Marble Age,4.8,1
Mars Colony Challenger,4.8,1
Zeno Clash 2,4.8,2
Assassins Creed Chronicles China,4.8,2
The Otherside,4.8,1
Commandos Behind Enemy Lines,4.8,4
FlatOut 2,4.8,5
Anna - Extended Edition,4.7875,8
Deadlight,4.780952380952381,21
FUEL,4.766666666666667,3
Shatter,4.7555555555555555,9
Oil Rush,4.75,4
Coin Crypt,4.75,2
The Treasures of Montezuma 4,4.75,2
Full Spectrum Warrior Ten Hammers,4.75,2
Eternal Senia,4.75,2
System Shock 2,4.7375,16
Tales of Monkey Island Chapter 4 - The Trial and Execution of Guybrush Threepwood ,4.733333333333333,3
FootLOL Epic Fail League,4.733333333333333,3
The Hat Man Shadow Ward,4.733333333333333,3
Platypus II,4.733333333333333,3
Race The Sun,4.73125,16
Crysis Wars,4.720000000000001,5
Lichdom Battlemage,4.720000000000001,10
Epic Arena,4.7,1
Time Mysteries 2 The Ancient Spectres,4.7,1
Nancy Drew Alibi in Ashes,4.7,1
Fate of the World,4.7,3
Krosmaster Arena,4.7,1
The Few,4.7,1
GEARCRACK Arena,4.7,1
Dive to the Titanic,4.7,1
3 Stars of Destiny,4.7,1
Industry Giant 2,4.7,1
The Clans - Saga of the Twins,4.7,1
Armikrog,4.7,1
Lords of the Realm II,4.7,1
War of the Roses Balance Beta,4.699999999999999,2
Melissa K. and the Heart of Gold Collector's Edition,4.699999999999999,2
Sam & Max 106 Bright Side of the Moon,4.699999999999999,2
X-COM Interceptor,4.6499999999999995,2
ACE COMBAT ASSAULT HORIZON Enhanced Edition,4.6375,8
Insanely Twisted Shadow Planet,4.633333333333334,6
Edge of Space,4.633333333333334,3
Nightmares from the Deep The Cursed Heart,4.633333333333334,3
Enclave,4.625,16
And Yet It Moves,4.6000000000000005,3
Dogfight 1942,4.6,1
Fall of the New Age Premium Edition,4.6,1
Age of Conan Rise of the Godslayer,4.6,1
Secret of the Magic Crystal,4.6,1
Blood Knights,4.6,1
The Dead Linger,4.6,2
Kings of Kung Fu,4.6,1
World of Guns Gun Disassembly,4.592,25
Gear Up,4.586363636363637,22
The Four Kings Casino and Slots,4.58,5
Hero of the Kingdom,4.566666666666666,3
RUSH,4.5600000000000005,5
Silent Hunter III,4.5600000000000005,5
Keep Talking and Nobody Explodes,4.55,8
CubeGun,4.55,2
Car Mechanic Simulator 2014,4.546153846153846,13
Apotheon,4.533333333333333,3
Gunpoint,4.509677419354839,31
Vlad the Impaler,4.5,1
White Noise Online,4.5,2
Over 9000 Zombies!,4.5,1
Buzz Aldrin's Space Program Manager,4.5,1
Journey Of The Light,4.5,2
Vagante,4.5,1
Starion Tactics,4.5,1
Secret Files Sam Peters,4.5,1
Ether Vapor Remaster,4.5,1
Screencheat,4.5,4
Deadbreed,4.49,10
The Showdown Effect,4.488888888888889,9
Cthulhu Saves the World ,4.488888888888889,9
Red Orchestra 2 Heroes of Stalingrad - Single Player,4.470000000000001,20
Red Faction II,4.466666666666667,3
I Am Alive,4.457142857142857,7
Tomb Raider Anniversary,4.45,6
Quake II,4.45,2
16bit Trader,4.45,2
Cities in Motion 2,4.4411764705882355,17
All Zombies Must Die!,4.433333333333334,3
Sengoku,4.433333333333334,3
Narcissu 1st & 2nd,4.433333333333333,3
Dino D-Day,4.426470588235294,34
Her Story,4.425,4
Rise of Venice,4.416666666666667,6
CID The Dummy,4.4,1
Call of Duty,4.4,2
Grim Legends 2 Song of the Dark Swan,4.4,1
The Undying Plague,4.4,1
Midnight Mysteries 4 Haunted Houdini,4.4,1
Stubbs the Zombie in Rebel Without a Pulse,4.4,1
Randal's Monday,4.4,1
Dead Effect,4.4,1
X-note,4.4,1
Virtua Tennis 4,4.4,1
Hamilton's Great Adventure,4.4,1
Fading Hearts,4.4,1
AXYOS,4.4,1
Air Brawl,4.4,1
Alan Wake's American Nightmare,4.377777777777777,18
Overcast - Walden and the Werewolf,4.36,5
Gemini Rue,4.35,4
TDP4Team Battle,4.35,2
World of Goo,4.342105263157895,19
Costume Quest,4.31875,16
McPixel,4.309090909090909,11
Way of the Samurai 4,4.300000000000001,2
Scania Truck Driving Simulator,4.3,4
Virtual Villagers A New Home,4.3,1
A Story About My Uncle,4.3,3
Temper Tantrum,4.3,4
Estranged Act I,4.275,8
RAW - Realms of Ancient War,4.266666666666667,3
Major Mayhem,4.266666666666667,3
Breach,4.266666666666667,3
Pid ,4.26,5
Memories of a Vagabond,4.257142857142857,7
The Kings' Crusade,4.25,2
Chainsaw Warrior,4.25,2
Chaser,4.25,2
The Escapists The Walking Dead,4.25,2
FORCED,4.241176470588235,17
To the Moon,4.240909090909091,22
Carrier Command Gaea Mission,4.233333333333333,3
Fishing Planet,4.221052631578948,19
Leviathan Warships,4.22,5
SteamWorld Dig,4.216666666666667,18
Five Nights at Freddy's 2,4.213333333333334,15
DCS Black Shark,4.2,1
Delve Deeper,4.2,1
The Adventures of Mr. Bobley,4.2,1
Takedown Red Sabre,4.2,7
Dwarfs F2P,4.2,5
The Wizard's Pen,4.2,1
Shipwreck,4.2,1
BloodRealm Battlegrounds,4.2,1
Anodyne,4.2,2
Botanicula,4.2,11
The Journey Down Chapter One,4.2,4
RESCUE 2,4.2,1
Game Tycoon 1.5,4.2,2
Westward,4.2,1
Fuse,4.2,6
A Virus Named TOM,4.180000000000001,5
Bridge Constructor,4.18,5
Worms Clan Wars,4.17,10
Eets,4.166666666666667,3
Assassin's Creed Freedom Cry,4.15,2
Chime,4.15,4
Shelter 2,4.15,2
FX Football - The Manager for Every Football Fan,4.15,2
Evoland,4.142857142857143,14
Planetbase,4.1375,8
The Slaughtering Grounds,4.133333333333334,3
F.E.A.R. Online,4.111111111111111,18
RaiderZ,4.1000000000000005,6
Strike Suit Zero,4.1000000000000005,7
Hacknet,4.1000000000000005,3
Cossacks II Napoleonic Wars,4.1,2
Beatbuddy Tale of the Guardians,4.1,5
Nimble Quest,4.1,1
Nux,4.1,2
Crossfire Europe,4.1,1
Defense Grid 2 A Matter of Endurance,4.1,1
Contrast,4.1,2
Teddy Floppy Ear - Mountain Adventure,4.1,1
Midnight Mysteries 3 Devil on the Mississippi,4.1,1
Xpand Rally Xtreme,4.1,1
The Silent Age,4.1,1
Ichi,4.1,2
Time Mysteries 3 The Final Enigma,4.1,1
Darksiders II Deathinitive Edition,4.1,1
Brick-Force,4.1,9
Mission Control NanoMech,4.1,1
Hostile Waters Antaeus Rising,4.1,2
Battle Los Angeles,4.1,1
Organ Trail Director's Cut,4.085714285714286,7
Kane & Lynch Dead Men,4.066666666666666,3
Toki Tori,4.05,12
FortressCraft Evolved,4.05,2
Journey of a Roach,4.05,2
Forge,4.05,4
Oddworld Abe's Exoddus,4.04,5
Squishy the Suicidal Pig,4.033333333333333,6
The Stanley Parable,4.030985915492957,71
Double Action Boogaloo,4.029999999999999,20
Frankenstein Master of Death,4.0200000000000005,5
Monaco,4.015384615384615,39
Wildlife Park 3,4.0,3
NEED FOR MADNESS ?,4.0,1
Our Darker Purpose,4.0,1
The Beast of Lycan Isle - Collector's Edition,4.0,1
Breath of Death VII ,4.0,1
Family Guy Back to the Multiverse,4.0,1
Nancy Drew Last Train to Blue Moon Canyon,4.0,1
Genesis Rising,4.0,1
Sam & Max 301 The Penal Zone,4.0,1
Alchemy Mysteries Prague Legends,3.9799999999999995,5
Toki Tori 2+,3.9799999999999995,5
AI War Fleet Command,3.9714285714285715,7
Sinister City,3.96,5
Season of Mystery  The Cherry Blossom Murders,3.9499999999999997,2
Penumbra Overture,3.9499999999999997,8
Five Nights at Freddy's,3.947619047619048,21
Quake Live,3.9413793103448276,29
Go! Go! Nippon! ~My First Trip to Japan~,3.925,4
BlazBlue Continuum Shift Extend,3.9000000000000004,2
Adventures of Shuggy,3.9000000000000004,2
Flower Shop Winter In Fairbrook,3.9000000000000004,2
Tales of Monkey Island Chapter 2 - The Siege of Spinner Cay ,3.9,3
"It came from space, and ate our brains",3.9,2
Drawn The Painted Tower,3.9,1
Dustoff Heli Rescue,3.9,1
SkyDrift,3.9,5
MX vs. ATV Supercross Encore,3.9,1
Remnants Of Isolation,3.9,1
Puzzle Agent 2,3.9,2
Wallace & Gromit Ep 4 The Bogey Man,3.9,1
99 Spirits,3.9,1
Warside,3.9,1
Cry of Fear,3.871052631578947,38
Might & Magic Duel of Champions,3.85,8
Blitzkrieg Anthology,3.85,2
Intrusion 2,3.8499999999999996,4
Antichamber,3.838235294117647,34
Ionball 2  Ionstorm,3.825,4
Dragomon Hunter,3.825,4
Guardians of Middle-earth,3.8200000000000003,5
DLC Quest,3.81875,16
Star Wars Starfighter,3.8000000000000003,3
Deadfall Adventures,3.8000000000000003,2
God Mode,3.8,8
The Room,3.8,4
GooCubelets,3.8,2
BAD END,3.8,1
Mountain Crime Requital,3.8,1
Double Dragon Neon,3.8,5
Weather Lord The Successor's Path,3.8,1
Monster Loves You!,3.8,1
The Black Watchmen,3.8,1
Apollo4x,3.8,1
Pro Rugby Manager 2015,3.8,1
Street Fighter V Beta,3.8,1
Nancy Drew Secrets can Kill,3.8,1
Blood of Old,3.7750000000000004,4
The Bridge,3.7700000000000005,10
LIMBO,3.769354838709677,62
Smashmuck Champions,3.766666666666666,3
Stealth Inc 2,3.75,2
Marble Mayhem Fragile Ball,3.75,2
Freedom Planet,3.75,2
PixelJunk Shooter,3.75,4
Thomas Was Alone,3.75,14
Air Conflicts Pacific Carriers,3.75,2
Analogue A Hate Story,3.7166666666666663,6
Demon Hunter Chronicles from Beyond,3.7,1
Divinity Dragon Commander Beta,3.7,1
Rescue Everyday Heroes,3.7,1
HIS (Heroes In the Sky),3.7,2
Sam & Max 201 Ice Station Santa,3.7,1
The Dig,3.7,4
Tomb Raider (VI) The Angel of Darkness,3.7,1
Lunar Flight,3.7,4
Terminator Salvation,3.7,1
Crimzon Clover  WORLD IGNITION,3.7,1
Gemini Wars,3.7,1
Little Racers STREET,3.6799999999999997,5
Oddworld Stranger's Wrath HD,3.675,4
Indie Game The Movie,3.6666666666666665,6
Doorways The Underworld,3.6666666666666665,3
Crash Time II,3.66,5
Soccer Manager 2016,3.657142857142857,7
Scratches Director's Cut,3.6500000000000004,2
Tom Clancy's Splinter Cell Double Agent,3.6500000000000004,2
Freedom Force,3.6500000000000004,2
The Last Federation,3.65,2
Hollywood Visionary,3.65,2
Bad Rats,3.642857142857143,7
9 Clues The Secret of Serpent Creek,3.6333333333333333,3
Rock of Ages,3.6100000000000003,10
The Political Machine 2016,3.6,1
Rocketbirds Hardboiled Chicken,3.6,4
GunWorld,3.6,1
"10,000,000",3.6,1
Super Motherload,3.6,1
Down To One,3.6,1
The Samaritan Paradox,3.6,1
Tales from Space Mutant Blobs Attack,3.6,1
Zoombinis,3.6,1
Earth 2150 Trilogy,3.6,1
Total War Battles SHOGUN,3.6,2
Eaten Alive,3.6,1
The Polynomial,3.6,1
Zafehouse Diaries,3.6,1
Karos Returns,3.6,1
Clockwork Tales Of Glass and Ink,3.6,3
A.R.E.S.,3.5857142857142854,7
Syberia,3.5799999999999996,5
Blocks That Matter,3.575,8
Tales of Monkey Island Chapter 5 - Rise of the Pirate God,3.5666666666666664,3
Shadows on the Vatican - Act I Greed,3.5599999999999996,5
Sacred 2 Gold,3.5500000000000003,6
Chainsaw Warrior Lords of the Night,3.55,2
The Lost Crown,3.55,2
Sins of a Dark Age,3.5444444444444443,9
Brothers - A Tale of Two Sons,3.54,25
Hyperdimension Neptunia Re;Birth1,3.5375,8
Deus Ex Invisible War,3.5200000000000005,5
Hacker Evolution,3.5200000000000005,5
Lugaru HD ,3.5,2
Breach & Clear,3.5,2
Cosmophony,3.5,1
Cabela's Hunting Expeditions,3.5,1
Jurassic Park The Game,3.5,1
LEGO Pirates of the Caribbean The Video Game,3.5,1
Nancy Drew Secret of the Scarlet Hand ,3.5,1
Cossacks European Wars,3.5,2
Ironclad Tactics,3.5,3
Project AURA,3.5,1
Teddy Floppy Ear - Kayaking,3.5,1
Cognition An Erica Reed Thriller,3.5,1
Sacred Gold,3.5,3
Lethal League,3.5,7
Revolution Ace,3.475,4
The Bard's Tale,3.475,4
Damned,3.4714285714285715,7
Skyborn,3.466666666666667,6
Commander Conquest of the Americas,3.466666666666667,3
Super Killer Hornet Resurrection,3.466666666666667,9
Half-Life Blue Shift,3.45,26
Postal 3,3.45,2
Phoenix Force,3.45,2
Little Inferno,3.44,20
Bleed,3.4333333333333336,3
Five Nights at Freddy's 3,3.425,4
POSTAL,3.425,4
Osmos,3.4222222222222225,9
Yet Another Zombie Defense,3.4000000000000004,9
Alpha Kimori Episode One ,3.4,1
The Novelist,3.4,1
Cabelas Trophy Bucks,3.4,1
Windosill,3.4,1
Dungeon Hearts,3.4,1
Saviors,3.4,1
Time Mysteries Inheritance - Remastered,3.4,1
Cyto,3.4,1
"Warhammer 40,000 Regicide",3.4,1
The Defenders The Second Wave,3.4,1
Deadly Profits,3.4,1
Bedlam,3.4,1
Fast & Furious Showdown,3.4,1
Vertical Drop Heroes HD,3.4,2
Project Explore,3.4,2
Saturday Morning RPG,3.4,1
Better Late Than DEAD,3.4,1
Canyon Capers,3.3899999999999997,10
Retro City Rampage DX,3.375,4
Grimm,3.37,10
Fingered,3.3666666666666667,3
BIT.TRIP RUNNER,3.3600000000000003,20
Velvet Assassin,3.35,2
All Is Dust,3.3499999999999996,2
Euro Truck Simulator,3.3333333333333335,3
Outland,3.3166666666666664,6
Bionic Dues,3.3000000000000003,3
Long Live The Queen,3.3,13
Narco Terror,3.3,1
Super Chibi Knight,3.3,1
Delta Force 2,3.3,1
Retrovirus,3.3,1
The 39 Steps,3.3,1
Gunspell Steam Edition,3.3,1
Unmechanical,3.3,1
Echelon,3.3,1
Crazy Plant Shop,3.3,1
Amazing Adventures The Lost Tomb,3.3,1
Construct 2 Free,3.3,5
Rise of Incarnates,3.2875,8
Betrayer,3.275,4
The Howler,3.266666666666667,3
RISK Factions,3.2600000000000002,5
WRC 5,3.25,2
"Warhammer 40,000 Kill Team",3.25,2
ibb & obb,3.233333333333333,3
CroNix,3.233333333333333,3
Enemy Mind,3.233333333333333,3
X-Blades,3.225,8
Stealth Bastard Deluxe,3.2249999999999996,8
Oddworld Abe's Oddysee,3.2142857142857144,7
Killer is Dead,3.2142857142857144,7
Dungeonland,3.207692307692308,13
Elite Dangerous Horizons,3.2,1
Bus-Simulator 2012,3.2,1
Blue Rose,3.2,1
Westerado Double Barreled,3.2,1
Strong Bad Episode 3 Baddest of the Bands,3.2,1
Sam & Max 302 The Tomb of Sammun-Mak,3.2,1
Zombie Driver HD,3.2,1
Sakura Spirit,3.2,10
Heroes Over Europe,3.2,1
Party of Sin,3.1999999999999997,2
Cubemen,3.1833333333333336,6
EDGE,3.1666666666666665,3
Thief 2,3.1666666666666665,3
Smashball,3.1666666666666665,6
Grimoire Manastorm,3.16,5
Rochard,3.155555555555556,9
Cinders,3.1500000000000004,2
Codename Panzers - Cold War,3.15,2
NEKOPARA Vol. 0,3.15,4
FlatOut,3.15,2
BIT.TRIP BEAT,3.15,6
Rabbit Hole 3D Steam Edition,3.15,2
Sam & Max 104 Abe Lincoln Must Die!,3.125,4
Order of War Challenge,3.1,1
Burstfire,3.1,1
Humanity Asset,3.1,2
Revelations 2012,3.1,1
Battleplan American Civil War,3.1,1
Escape Rosecliff Island,3.1,2
Hegemony Philip of Macedon,3.1,1
Oozi Earth Adventure,3.1,1
Life is Hard,3.1,1
Wallace & Gromit Ep 1 Fright of the Bumblebees,3.1,3
CrimeCraft GangWars,3.1,2
Cherry Tree High Comedy Club,3.1,1
SC2VN - The eSports Visual Novel,3.1,1
BloodRayne Betrayal,3.1,1
Space Farmers,3.1,3
Rodina,3.1,1
Fire,3.1,1
ACE - Arena Cyber Evolution,3.1,1
Ragnarok,3.1,3
City Life 2008,3.1,1
Universe Sandbox ,3.1,6
Face Noir,3.1,1
Karate Master 2 Knock Down Blow,3.1,1
Aperture Tag The Paint Gun Testing Initiative,3.1,1
Anomaly Warzone Earth,3.0749999999999997,24
Ultratron,3.0666666666666664,3
PixelJunk Monsters Ultimate,3.0666666666666664,6
Cossacks II Battle for Europe,3.05,4
Terrorhedron,3.05,2
BlazBlue Calamity Trigger,3.05,2
Guncraft,3.05,4
Silent Hill Homecoming,3.04,5
Red Faction,3.04,5
Back to the Future Ep 2 - Get Tannen!,3.025,4
Lone Survivor The Director's Cut,3.025,4
Clickr,3.0,1
Frederic Evil Strikes Back,3.0,1
Strider,3.0,6
CivCity Rome,3.0,1
TRANSFORMERS Rise of the Dark Spark,3.0,1
Not The Robots,3.0,2
Obludia,3.0,1
Z,3.0,1
Eldevin,3.0,3
Reach for the Sun,3.0,1
Mortal Online,3.0,4
Final Dusk,3.0,1
Treeker The Lost Glasses,3.0,1
Dark Fall Lost Souls,3.0,1
Hunting Unlimited 2010,3.0,2
The Nightmare Cooperative,3.0,1
The Cat Lady,3.0,3
Jazzpunk,3.0,5
Sam & Max 101 Culture Shock,3.0,5
Warhammer Quest,3.0,1
Angry Video Game Nerd Adventures,3.0,6
Warhammer Online Age of Reckoning,3.0,1
The Path,3.0,4
Vintage Year,3.0,1
CAFE 0 ~The Drowned Mermaid~,3.0,1
Sam & Max 304 Beyond the Alley of the Dolls,3.0,1
Crystals of Time,3.0,1
MoW Face Off M,3.0,1
Big Money! Deluxe,3.0,1
500 Years Act 1,3.0,1
3DMark 11,3.0,1
Kyn,3.0,1
Lost Planet Extreme Condition - Colonies Edition,3.0,1
Pressure,3.0,1
Zeno Clash,2.9857142857142853,7
Thinking with Time Machine,2.983333333333334,6
Superbrothers Sword & Sworcery EP,2.966666666666667,6
War of the Human Tanks,2.95,2
Destination Sol,2.9333333333333336,3
Sonic CD,2.925,4
Kentucky Route Zero,2.925,4
DEFCON,2.9181818181818184,11
"Nancy Drew Lights, Camera, Curses!",2.9,1
BloodRayne 2,2.9,2
Blob From Space,2.9,2
Madballs in...Babo Invasion,2.9,5
Clash of Puppets,2.9,1
Sam & Max 303 They Stole Max's Brain!,2.9,1
Avadon 2 The Corruption,2.9,1
Heroes of SoulCraft,2.9,1
Quest of Dungeons,2.9,3
Children of the Nile Alexandria,2.9,1
MotoGP13,2.9,1
Akane the Kunoichi,2.9,1
Dream Of Mirror Online,2.9,1
Xeodrifter,2.9,1
Left in the Dark No One on Board,2.9,2
Dracula's Legacy,2.9,3
Splatter - Blood Red Edition,2.9,1
Deathmatch Classic,2.8833333333333333,6
Half-Life 2 Lost Coast,2.8564102564102565,39
Sun Blast,2.85,2
Paranormal State Poison Spring Collector's Edition,2.85,2
NotGTAV,2.85,2
Tiny Troopers,2.85,2
eden*,2.8499999999999996,2
Ravaged Zombie Apocalypse,2.8499999999999996,2
Artemis Spaceship Bridge Simulator,2.8333333333333335,3
Galcon 2,2.8333333333333335,3
RADical ROACH Deluxe Edition,2.8285714285714287,7
Tom Clancy's Splinter Cell,2.8000000000000003,2
The Fall,2.8,1
Legendary,2.8,2
Assault Android Cactus,2.8,1
Bermuda,2.8,1
Sam & Max 305 The City that Dares not Sleep,2.8,1
Kidnapped,2.8,1
Absolute Drift,2.8,2
Penny Arcade's On the Rain-Slick Precipice of Darkness 3,2.8,2
Crusader Kings Complete,2.8,2
FINAL FANTASY TYPE-0 HD,2.8,2
HeXen II,2.8,1
Dragon's Prophet (EU),2.8,1
Orbital Gear,2.8,1
Downwell,2.8,1
Carmageddon Max Pack,2.8,1
Jagged Alliance Online - Steam Edition,2.8,2
Residue Final Cut,2.8,1
Watchmen The End Is Nigh Part 2,2.8,1
Dementium II HD,2.8,1
Halfway,2.8,1
Titan Souls,2.8,2
Showtime!,2.8,1
Zombie Tycoon 2 Brainhov's Revenge,2.8,1
Sherlock Holmes and The Hound of The Baskervilles,2.8,1
The Cursed Crusade,2.8,1
Zero Gear,2.8,1
Shadowgrounds Survivor,2.7857142857142856,7
Anarchy Arcade,2.775,4
Back to the Future Ep 5 - OUTATIME,2.766666666666667,3
Doorways Prelude,2.766666666666667,3
Coffin Dodgers,2.766666666666667,3
Sam & Max 105 Reality 2.0,2.75,2
Steel Storm Burning Retribution,2.75,2
Kinetic Void,2.75,2
Tiny and Big Grandpa's Leftovers,2.75,8
Free to Play,2.7458333333333336,24
Chip,2.7399999999999998,5
Layers of Fear,2.733333333333333,3
SpellForce 2 Gold Edition,2.733333333333333,3
Deus Ex The Fall,2.733333333333333,3
Teleglitch Die More Edition,2.716666666666667,6
Back to the Future Ep 1 - It's About Time,2.7111111111111112,9
Deadly 30,2.7000000000000006,3
Space Channel 5 Part 2,2.7,1
Ghost Encounters Deadwood - Collector's Edition,2.7,1
Cities XL,2.7,2
NaissanceE,2.7,1
Forsaken Uprising,2.7,1
The Plan,2.7,1
Alex Hunter - Lord of the Mind,2.7,1
Retro-Pixel Castles,2.7,1
Strong Bad Episode 2 Strong Badia the Free,2.7,1
"Hack, Slash, Loot",2.7,1
Executive Assault,2.7,1
Angry Birds Space,2.7,1
Kill Fun Yeah,2.7,1
Riding Star,2.7,1
The Guild II - Pirates of the European Seas,2.7,1
N.P.P.D. RUSH - The milk of Ultra violet,2.7,1
PARTICLE MACE,2.7,1
Sugar Cube Bittersweet Factory,2.7,1
Escape Machines,2.7,1
Eryi's Action,2.7,1
1Quest,2.7,1
"I Have No Mouth, and I Must Scream",2.7,1
Back to the Future Ep 3 - Citizen Brown,2.7,4
Vanguard Princess,2.6999999999999997,3
The Ultimate DOOM,2.675,4
Dead Bits,2.664285714285714,14
sZone-Online,2.6571428571428575,14
Burn Zombie Burn,2.6500000000000004,2
Urban Trial Freestyle,2.65,4
LUFTRAUSERS,2.65,8
RPG Tycoon,2.65,2
Capsized,2.65,4
"Ben There, Dan That!",2.65,2
Arma Tactics,2.6333333333333333,3
Amazing World,2.625,4
Five Nights at Freddy's 4,2.625,4
TypeRider,2.625,4
Catmouth Island,2.6,1
Power-Up,2.6,1
Space Trader Merchant Marine,2.6,2
Galcon Legends,2.6,3
Doc Clock The Toasted Sandwich of Time,2.6,1
Uriel's Chasm,2.6,6
Loom,2.6,3
Black Fire,2.6,1
Miasmata,2.6,4
Grimind,2.6,1
Frontlines Fuel of War,2.6,1
Gunman Clive,2.6,1
Destiny Warriors,2.6,1
Make it indie!,2.6,1
Servo,2.6,1
Shadow Warrior Classic Redux,2.6,4
Reaper - Tale of a Pale Swordsman,2.6,1
Blood Omen 2 Legacy of Kain,2.6,1
Chris Sawyer's Locomotion,2.6,1
Offspring Fling!,2.6,3
Jets'n'Guns Gold,2.6,1
Air Conflicts - Secret Wars,2.6,1
Back to the Future Ep 4 - Double Visions,2.6,3
Battle Group 2,2.6,1
Dysfunctional Systems Learning to Manage Chaos,2.5999999999999996,2
DETOUR,2.5999999999999996,2
Pinball Arcade,2.5999999999999996,2
Heavy Fire Afghanistan,2.5999999999999996,2
Afterfall InSanity Extended Edition,2.5904761904761906,21
Talisman Prologue,2.5833333333333335,6
Defy Gravity,2.5818181818181816,11
Team Fortress Classic,2.58,5
Sine Mora,2.575,4
FaceRig,2.566666666666667,9
Particula,2.566666666666667,3
Flight Control HD,2.5666666666666664,3
Blockstorm,2.5666666666666664,3
Gone Home,2.5611111111111113,18
Cannon Brawl,2.55,2
Neverending Nightmares,2.55,2
Helicopter Simulator 2014 Search and Rescue,2.55,2
Stellar 2D,2.55,2
Racer 8,2.5444444444444443,9
New kind of adventure,2.533333333333333,3
Hacker Evolution - Untold,2.533333333333333,3
Jet Gunner,2.533333333333333,3
Edna & Harvey The Breakout,2.525,4
Disciples III Renaissance,2.525,4
Modular Combat,2.52,5
Spooky's House of Jump Scares,2.5125,8
Smooth Operators,2.5,1
Sam & Max 102 Situation Comedy,2.5,3
Kuros,2.5,1
Really Big Sky,2.5,11
Shiny The Firefly,2.5,1
Hell Yeah!,2.5,4
Spriter Pro,2.5,1
Joe Danger 2 The Movie,2.5,4
Rake,2.5,1
Star Trek,2.5,1
Nexus The Jupiter Incident,2.5,2
Dream,2.5,1
"Demolition, Inc.",2.5,1
Kairo,2.5,1
Sakura Angels,2.5,1
CameraBag 2,2.5,1
Depression Quest,2.5,2
BEEP,2.5,4
Dark Arcana The Carnival,2.5,1
City of Steam Arkadia,2.5,2
King's Bounty Crossworlds,2.5,1
Deadlings - Rotten Edition,2.5,2
Ancient Planet,2.5,1
Real Boxing,2.5,1
Nosferatu The Wrath of Malachi,2.4833333333333334,6
Sparkle 2 Evo,2.4799999999999995,5
Rise of the Triad,2.475,8
Aliens versus Predator Classic 2000,2.466666666666667,6
Nihilumbra,2.466666666666667,3
ONE PIECE PIRATE WARRIORS 3,2.45,2
Apotheon Arena,2.45,2
The Mean Greens - Plastic Warfare,2.45,2
Epigenesis,2.433333333333333,3
Electronic Super Joy,2.4200000000000004,5
Blood One Unit Whole Blood,2.4,1
Nail'd,2.4,1
PixelJunk Shooter Ultimate,2.4,1
Flesh Eaters,2.4,1
Fat Chicken,2.4,1
Fortix,2.4,1
Farming World,2.4,1
Spooky Cats,2.4,1
Frozen Hearth,2.4,5
X Beyond the Frontier,2.4,1
Conquest of Champions,2.4,1
Tkl Online,2.4,1
Vox,2.4,1
Else Heart.Break(),2.4,1
NightShift Code,2.4,1
Gurumin A Monstrous Adventure,2.4,1
Skara - The Blade Remains,2.4,2
Incredipede,2.4,1
Hector Ep 1,2.4,2
Duck Dynasty,2.4,1
Only If,2.3777777777777778,9
Super Crate Box,2.3714285714285714,21
Sonic Adventure DX,2.35,2
Break Into Zatwor,2.35,2
Caster,2.3444444444444446,9
Cargo Commander,2.3333333333333335,3
Ziggurat,2.3333333333333335,3
Bloody Trapland,2.3333333333333335,6
Morphopolis,2.325,4
Containment The Zombie Puzzler,2.3,1
Cosmic DJ,2.3,1
YOU DON'T KNOW JACK,2.3,1
Towtruck Simulator 2015,2.3,1
Boo Bunny Plague,2.3,1
Submerged,2.3,1
H1Z1 Test Server,2.3,2
Fester Mudd Curse of the Gold - Episode 1,2.3,1
Ikaruga,2.3,1
Sphere III Enchanted World,2.3,2
Star Trek D-A-C,2.3,1
Deathtrap,2.3,1
Moonrise,2.3,1
Riven,2.3,1
Guns'N'Zombies,2.3,1
Echoes+,2.3,2
Strike Suit Zero Director's Cut,2.3,1
DarkEnd,2.3,1
Kohan II Kings of War,2.3,1
Velvet Sundown,2.2857142857142856,7
Among the Sleep,2.275,4
Lords of the Black Sun,2.266666666666667,3
Commander Keen Complete Pack,2.2666666666666666,3
Survivor Squad,2.2666666666666666,3
Eternal Fate,2.2666666666666666,3
Hospital Tycoon,2.2666666666666666,3
Blender 2.76b,2.2600000000000002,5
The Ship Single Player,2.2555555555555555,9
Zombie Zoeds,2.25,2
Toy Soldiers War Chest,2.25,2
Commando Jack,2.25,2
Indiana Jones and the Last Crusade,2.25,4
How To Survive Third Person,2.25,2
Anomaly 2,2.2333333333333334,3
Bridge Project,2.2249999999999996,4
The Culling Of The Cows,2.223076923076923,13
Choice of the Deathless,2.2,1
Draw a Stickman EPIC,2.2,1
Shark Attack Deathmatch 2,2.2,1
NASCAR The Game 2013,2.2,1
rFactor,2.2,1
Fairy Tale Mysteries The Puppet Thief Collector's Edition,2.2,1
Lumines,2.2,1
Mabinogi,2.2,1
Wings! Remastered Edition,2.2,2
Millennium - A New Hope,2.2,1
Arma 2 Free,2.2,1
Tinboy,2.2,1
Jack Keane,2.2,1
SAMURAI WARRIORS 4-II,2.2,1
SpellForce 2 - Demons of the Past,2.2,1
Tomb Raider The Last Revelation,2.2,2
Silverfall,2.2,1
Sakura Swim Club,2.2,1
Beware Planet Earth,2.2,1
Zombie Driver,2.2,5
Murder Miners,2.1999999999999997,3
Half-Life Deathmatch Source,2.1999999999999997,3
Gun Monkeys,2.1636363636363636,11
Strike Vector,2.16,5
Intergalactic Bubbles,2.1500000000000004,2
Jamestown,2.15,10
RWBY Grimm Eclipse,2.15,2
Sword of the Stars II Enhanced Edition,2.15,2
Syder Arcade,2.15,2
Wickland,2.15,2
Dear Esther,2.1399999999999997,10
Landmark,2.1333333333333333,3
Solstice Arena,2.125,4
Gunscape,2.1,1
Rise of Flight United,2.1,2
Simply Chess,2.1,1
Lovely Planet,2.1,1
Anomaly Warzone Earth Mobile Campaign,2.1,1
Circuits,2.1,1
Tom Clancy's EndWar,2.1,2
Choice of Robots,2.1,1
Light,2.1,1
Microsoft Flight,2.1,1
Gish,2.1,5
Gods Will Be Watching,2.1,1
Golden Rush,2.1,1
Toybox Turbos,2.1,1
Legend of Mysteria,2.1,2
Pineview Drive,2.1,1
The Settlers Online,2.1,1
The Whispered World Special Edition,2.1,1
Post Mortem,2.1,1
World of Zoo,2.1,1
A Walk in the Dark,2.1,1
Paint the Town Red,2.1,1
Dodge,2.1,1
The Marvellous Miss Take,2.1,1
Puddle,2.1,1
Day One Garry's Incident,2.1,2
Mini Motor Racing EVO,2.1,1
60 Seconds!,2.075,4
Wizorb,2.033333333333333,3
Mechanic Escape,2.033333333333333,6
Prime World,2.025,4
Gold Rush! Classic,2.0,1
Foul Play,2.0,2
The Next BIG Thing,2.0,1
Fritz Chess 14,2.0,1
Yury,2.0,1
Of Guards And Thieves,2.0,2
Joe Danger,2.0,2
Bejeweled 2 Deluxe,2.0,1
Requiem,2.0,2
Achron,2.0,1
Cortex Command,2.0,1
GestureWorks Gameplay,2.0,1
The Beginner's Guide,2.0,4
Cobi Treasure Deluxe,2.0,1
Dogs of War Online - Beta,2.0,2
MoW Face Off XL,2.0,1
Midnight Mysteries Salem Witch Trials,2.0,2
Resident Evil Operation Raccoon City,2.0,3
Theme Park Studio,2.0,1
Hook,2.0,1
Next Car Game Sneak Peek 2.0,1.9749999999999999,4
Another World,1.9666666666666668,3
Tomb Raider II,1.9666666666666668,3
Titan Attacks,1.9600000000000002,5
Home,1.9571428571428573,7
Collapse,1.9500000000000002,2
8BitMMO,1.95,2
The Misadventures of P.B. Winterbottom,1.95,2
Eternal Silence,1.9333333333333333,3
Close Your Eyes,1.9000000000000001,2
OTTTD,1.9,2
Khet 2.0,1.9,1
Space Empires V,1.9,1
Defend Your Life,1.9,2
DRAKERZ-Confrontation,1.9,1
Pixel Puzzles UndeadZ,1.9,1
ZOMBI,1.9,1
Bunch Of Heroes,1.9,2
Retention,1.9,2
Arms Dealer,1.9,1
Talismania Deluxe,1.9,1
Dynomite! Deluxe,1.9,1
The Void,1.9,1
Kingdom Wars 2 Battles,1.9,1
Ampu-Tea,1.9,1
Spoiler Alert,1.9,1
Marlow Briggs,1.9,1
Ballpoint Universe Infinite,1.9,1
VoidExpanse,1.9,1
SCHAR Blue Shield Alliance,1.9,1
Draconian Wars,1.9,1
Floating Point,1.8666666666666665,3
PixelJunk Eden,1.8666666666666665,3
Tom Clancy's Splinter Cell Chaos Theory,1.85,4
Trapped Dead,1.85,2
Might & Magic Heroes Online,1.85,2
Crazy Machines,1.85,2
rFactor 2,1.8,1
Rigonauts,1.8,1
Wasteland 2 Director's Cut,1.8,1
Parkan 2,1.8,1
Haunted Memories,1.8,1
Hero Academy,1.8,1
Signal Ops,1.8,1
Wildlife Park 2 - Dino World,1.8,1
Saints Row IV Inauguration Station,1.8,3
Real World Racing,1.8,1
World of Soccer online,1.8,1
Worms Crazy Golf,1.8,1
Pacific Storm,1.8,1
Pool Nation FX,1.8,1
Black Sails,1.8,1
Night Mysteries The Amphora Prisoner,1.8,1
Light of Altair,1.8,1
AaaaaAAaaaAAAaaAAAAaAAAAA!!! for the Awesome,1.8,3
Year Walk,1.8,3
Viking Brothers,1.8,1
Ninja Reflex Steamworks Edition,1.8,1
Blaster Shooter GunGuy!,1.8,3
Genesis Online,1.8,1
Face of Mankind,1.8,3
Dragon Age Origins Character Creator,1.8,1
Drakensang The River of Time,1.8,1
TRAUMA,1.8,1
Chessmaster,1.8,1
Tetrobot and Co.,1.8,1
The Sun at Night,1.8,1
Droplitz,1.8,1
Flashback,1.8,1
Detective Grimoire,1.8,1
Bridge It (plus),1.8,1
SuperPower 2 Steam Edition,1.8,1
Arma 2 Private Military Company,1.7999999999999998,2
Copa Petrobras de Marcas,1.7999999999999998,2
Prince of Persia,1.7666666666666666,3
Demonicon,1.75,2
"Sam & Max 103 The Mole, the Mob and the Meatball",1.75,2
No Time to Explain,1.75,2
Penumbra Requiem,1.75,2
Kung Fu Strike The Warrior's Rise,1.75,2
Steam Marines,1.75,2
Dead Horde,1.75,2
Missing Translation,1.7333333333333334,3
Prison Tycoon 3 Lockdown,1.7,1
Song of the Myrne What Lies Beneath,1.7,1
T.E.C. 3001,1.7,1
Stick RPG 2,1.7,1
Cannons Lasers Rockets,1.7,1
Tower of Guns,1.7,2
Saw,1.7,1
ComaMortuary,1.7,1
Adventures of Bertram Fiddle Episode 1 A Dreadly Business,1.7,1
Proteus,1.7,1
Retro/Grade,1.7,1
Tomb Raider Chronicles,1.7,1
ROCKETSROCKETSROCKETS,1.7,1
Stonerid,1.7,1
Royal Defense,1.7,1
Curse of Mermos,1.7,1
Max The Curse of Brotherhood,1.7,1
C9,1.7,1
Zuma's Revenge! - Adventure,1.7,1
Sigils of Elohim,1.7,1
Gothic,1.7,1
Planet of the Eyes,1.7,1
Bridge Constructor Medieval,1.7,1
Hardland,1.7,1
Teslagrad,1.6666666666666667,3
A Bird Story,1.657142857142857,7
Dwarfs!?,1.6500000000000001,4
Battle for Graxia,1.65,2
Frozen Synapse Prime,1.65,2
Emily is Away,1.6333333333333335,6
TrackMania Canyon,1.6333333333333335,3
You Have to Win the Game,1.6142857142857143,7
Secret Ponchos,1.6,1
The Whispered World,1.6,2
fault milestone two sideabove,1.6,1
Kung Fury,1.6,1
"Please, Dont Touch Anything",1.6,1
Back to Bed,1.6,1
Guilty Gear Isuka,1.6,1
Nancy Drew The Creature of Kapu Cave,1.6,1
Foosball - Street Edition,1.6,1
AirBuccaneers,1.6,2
Drunken Robot Pornography,1.6,1
Great Permutator,1.6,1
Horizon Shift,1.6,1
Paper Sorcerer,1.6,1
Korwin The Game,1.6,1
CreaVures,1.6,1
Thunder Wolves,1.6,1
EverQuest Free-to-Play,1.6,2
Jagged Alliance 2 Gold Pack,1.6,1
Glowfish,1.6,1
STAR WARS X-Wing Alliance,1.6,1
Dracula Origin,1.6,1
Just Get Through,1.6,1
Septerra Core,1.6,1
Gomo,1.6,2
Reversion - The Escape,1.5666666666666667,3
Rush Bros,1.56,5
Shadows of War,1.55,2
Serena,1.5333333333333332,3
Call of Tomsk-7,1.5,1
Final Exam,1.5,2
Mr. Bree+,1.5,1
Albino Lullaby Episode 1,1.5,1
Shower With Your Dad Simulator 2015 Do You Still Shower With Your Dad,1.5,1
Fiends of Imprisonment,1.5,1
Beyond Eyes,1.5,1
Heretic Shadow of the Serpent Riders,1.5,2
Crusaders Thy Kingdom Come,1.5,1
Confrontation,1.5,1
Demise of Nations Rome,1.5,1
Special Forces Team X,1.5,1
Rogue Warrior,1.5,1
Neighbours from Hell,1.5,1
Battle Brothers,1.5,1
NightSky,1.5,1
Void Destroyer,1.5,2
Super House of Dead Ninjas,1.5,1
Viscera Cleanup Detail Shadow Warrior,1.5,2
The Deer,1.5,1
Noir Syndrome,1.5,1
Taxi,1.5,1
Ubersoldier II,1.5,1
NBA 2K12,1.5,1
Tradewinds Caravans,1.5,1
Codename Gordon,1.5,1
Droid Assault,1.5,1
Street Racing Syndicate,1.5,2
140,1.475,4
Thief Gold,1.4500000000000002,2
Patrician III,1.45,2
The Forgotten Ones,1.4,1
Dysan the Shapeshifter,1.4,1
Wizardry 8,1.4,1
Puzzle Quest 2,1.4,1
Deepworld,1.4,1
Nimbus,1.4,1
DogFighter,1.4,1
The Chaos Engine,1.4,1
Crayon Physics Deluxe,1.4,1
Disney Infinity 3.0 Play Without Limits,1.4,1
Rhythm Destruction,1.4,1
Solar Flux,1.4,2
Little Farm,1.4,1
Voices from the Sea,1.4,1
RollerCoaster Tycoon,1.4,1
Lucid,1.4,1
Blacklight Tango Down,1.4,1
Beast Boxing Turbo,1.4,1
Splice,1.4,1
Ice Age Continental Drift Arctic Games,1.4,1
Card City Nights,1.4,2
Impossible Creatures,1.4,2
Magnetic By Nature,1.4,1
KWAAN,1.4,1
A Valley Without Wind,1.35,4
Final DOOM,1.35,2
Dead Pixels,1.35,2
Runespell Overture,1.3,1
Rustbucket Rumble,1.3,1
Actual Sunlight,1.3,1
X-Tension,1.3,1
WARP,1.3,2
KHOLAT,1.3,1
Quantum Rush Online,1.3,1
Space Ace,1.3,1
Foreign Legion Multi Massacre,1.3,1
Putt-Putt Travels Through Time,1.3,1
Putt-Putt Joins the Circus,1.3,1
VelocityUltra,1.3,1
Ittle Dew,1.3,1
Dragon's Lair 2 Time Warp,1.3,1
Post Master ,1.3,1
FIST OF AWESOME,1.3,1
The Inner World,1.3,1
Booster Trooper,1.3,1
Haunt the House Terrortown,1.3,1
Metrocide,1.3,1
Theatre of War 2 Africa 1943,1.3,1
404Sight,1.3,1
Strife Veteran Edition,1.3,1
Among Ripples,1.3,1
Shadow of Kingdoms,1.3,1
The Club,1.3,1
The Secret of Tremendous Corporation,1.3,1
Wizardry Online,1.3,1
ArchonClassic,1.3,1
Castle,1.3,1
Oscura Lost Light,1.3,1
Gigantic Army,1.25,2
Weapons Genius,1.25,2
Secrets of Rtikon,1.2000000000000002,2
Cards and Castles,1.2,1
Bionic Commando,1.2,1
realMyst,1.2,1
I-Fluid,1.2,1
Shadow Warrior Classic (1997),1.2,1
Shadowgate MacVenture Series,1.2,1
A Golden Wake,1.2,1
Over the Dream,1.2,1
Oddworld Munch's Oddysee,1.2,1
Delver,1.2,1
Iron Warriors T-72 Tank Command,1.2,1
Max and the Magic Marker,1.2,1
SONIC THE HEDGEHOG 4 Episode I,1.2,1
Meridian New World,1.2,1
FATE Undiscovered Realms,1.2,1
Realms of Arkania 3 - Shadows over Riva Classic,1.2,1
Motorbike,1.2,1
Lost Lands A Hidden Object Adventure,1.2,1
Claire,1.2,1
Constant C,1.2,1
Lords of Magic Special Edition,1.2,1
Red Bull X-Fighters,1.2,1
Lightfish,1.2,1
Mystery of Neuschwanstein,1.2,1
Aveyond 3-1 Lord of Twilight,1.2,1
Star Crusade CCG,1.2,1
Super Game Jam,1.2,1
NiGHTS into Dreams...,1.2,1
Controller Companion,1.2,1
Spermination,1.2,1
Superfrog HD,1.15,2
Lume,1.15,2
Strong Bad Episode 4 Dangeresque 3,1.1,1
Grand Chase,1.1,1
Gunslugs 2,1.1,1
Mare Nostrum,1.1,1
Weird Worlds Return to Infinite Space,1.1,1
rymdkapsel,1.1,1
Gumboy Crazy Adventures,1.1,1
Guild Commander,1.1,1
Grand Theft Auto,1.1,1
Ring Runner Flight of the Sages,1.1,1
Black Ice,1.1,1
The Way of Life Free Edition,1.1,1
Commandos 3 Destination Berlin,1.1,1
Painkiller Redemption,1.1,1
MDK,1.1,1
Kingdoms Rise,1.1,1
Rag Doll Kung Fu,1.1,1
Unstoppable Gorg,1.1,1
Onimusha 3 Demon Siege,1.1,1
Beyond Divinity,1.1,1
Autobahn Police Simulator,1.1,1
Legend of Dungeon,1.1,1
Quake III Team Arena,1.1,1
Legacy of Kain Soul Reaver,1.1,1
Pro Cycling Manager Season 2009,1.1,1
AZMD! Scorepocalypse ,1.1,1
Hacker Evolution Duality,1.1,3
